start	end	HP1	BRM	MRG15	PC	H1
15590302	15590585	0	0	0	1	1
15590582	15590816	0	0	0	0	0
15590872	15591497	0	0	0	0	0
15591621	15591629	0	0	1	0	0
15591626	15592463	0	0	1	0	0
15592499	15592842	0	0	1	0	0
15592839	15593446	0	0	1	0	0
15593443	15593857	0	0	1	0	0
15593854	15594675	0	0	1	0	0
15594711	15595922	0	0	1	0	0
15596148	15596660	0	0	1	0	0
15596657	15596841	0	0	1	0	0
15596838	15597199	0	0	1	0	0
15597323	15597363	0	0	1	0	0
15597604	15597693	0	0	1	0	0
15597690	15598093	0	0	1	0	0
15598090	15598301	0	0	1	0	0
15598483	15598802	0	0	1	0	0
15598799	15598903	0	0	1	0	0
15599007	15599226	0	0	1	0	0
15599417	15599501	0	0	1	0	0
15599525	15600462	0	0	1	0	0
15600459	15600718	0	0	1	0	0
15600715	15601008	0	0	1	0	0
15601219	15601537	0	0	1	0	0
15601534	15601560	0	0	1	0	0
15601660	15602434	0	0	1	0	0
15602431	15602471	0	0	1	0	0
15602468	15602768	0	0	1	0	0
15602945	15603100	0	0	1	0	0
15603306	15603679	0	0	1	0	0
15603825	15604134	0	0	1	0	0
15604131	15604469	0	0	1	0	0
15604481	15604716	0	0	1	0	0
15604713	15605183	0	0	1	0	0
15605342	15605583	0	0	1	0	0
15605580	15605761	0	0	1	0	0
15605875	15606770	0	0	1	0	0
15606767	15608285	0	0	1	0	0
15608339	15608797	1	0	1	0	0
15608962	15609071	1	0	1	0	1
15609253	15609368	1	0	1	0	1
15609437	15609718	1	0	1	0	1
15609715	15609950	1	0	1	0	1
15610139	15610457	1	0	1	0	1
15610538	15610747	1	0	1	0	1
15610744	15610918	1	0	1	0	1
15611131	15611184	1	0	1	0	1
15611263	15611567	1	0	1	0	1
15611716	15611931	1	0	1	0	1
15611928	15612253	1	0	1	0	1
15612304	15612479	1	0	1	0	1
15612576	15612814	1	0	1	0	1
15612811	15613137	1	0	1	0	1
15613185	15613240	1	0	1	0	1
15613237	15613549	1	0	1	0	1
15613754	15613861	1	0	1	0	1
15614020	15614393	1	0	1	0	1
15614390	15614734	1	0	1	0	1
15614731	15615265	1	0	1	0	1
15615262	15615350	1	0	1	0	1
15615457	15615863	1	0	1	0	1
15615900	15615968	1	0	1	0	1
15616230	15616289	1	0	1	0	1
15616423	15616572	1	0	1	0	1
15616776	15616866	1	0	1	0	1
15617027	15617256	1	0	1	0	1
15617388	15617552	1	0	1	0	1
15617724	15617911	1	0	1	0	1
15617932	15618229	1	0	1	0	1
15618226	15618961	1	0	1	0	1
15618958	15619419	1	0	1	0	1
15619444	15619776	1	0	1	0	1
15619845	15620163	1	0	1	0	1
15620424	15620748	1	0	1	0	1
15620745	15620966	1	0	1	0	1
15621008	15621085	1	0	1	0	1
15621082	15621423	1	0	1	0	1
15621563	15621740	1	0	1	0	1
15621894	15621986	1	0	1	0	1
15621983	15622255	1	0	1	0	1
15622252	15622625	1	0	1	0	1
15622756	15622960	1	0	1	0	1
15623074	15623293	1	0	1	0	1
15623290	15623917	1	0	1	0	1
15623993	15624039	1	0	1	0	1
15624170	15624406	1	0	1	0	1
15624403	15624688	1	0	1	0	1
15624685	15624966	1	0	1	0	1
15625091	15625752	1	0	1	0	0
15625749	15626081	1	0	1	0	0
15626078	15626144	0	0	1	0	0
15626422	15626497	0	0	1	0	0
15626689	15626868	0	0	1	0	0
15626891	15627155	0	0	1	0	0
15627347	15627379	0	0	1	0	0
15627515	15628553	0	0	1	0	0
15628715	15629245	0	0	1	0	0
15629242	15629538	0	0	1	0	0
15629546	15629992	0	0	1	0	0
15630019	15630431	0	0	1	0	0
15630428	15630673	0	0	1	0	0
15630670	15631089	0	0	1	0	0
15631510	15631665	0	0	1	0	0
15631795	15631911	0	0	1	0	0
15632007	15632208	0	0	1	0	0
15632205	15632520	0	0	1	0	0
15632614	15632915	0	0	1	0	0
15632912	15633507	0	0	1	0	0
15633504	15633825	0	1	1	0	0
15633858	15633981	0	1	1	0	0
15633978	15634598	0	1	1	0	0
15634782	15634991	0	1	1	0	0
15634988	15637028	0	1	1	0	0
15637025	15637383	0	1	1	0	0
15637392	15637700	0	1	1	0	0
15637791	15637941	0	0	1	0	0
15637938	15638153	0	0	1	0	0
15638351	15638822	0	0	1	0	0
15638819	15639091	0	0	1	0	0
15639158	15639487	0	0	1	0	0
15639490	15639724	0	0	1	0	0
15639811	15640092	0	0	1	0	0
15640089	15641371	0	0	1	0	0
15641407	15641632	0	0	1	0	0
15641699	15642034	0	0	1	0	0
15642334	15642361	0	0	1	0	0
15642617	15642650	0	0	1	0	0
15642736	15643649	0	0	1	0	0
15643849	15644247	0	0	1	0	0
15644446	15644465	0	0	1	0	0
15644462	15647913	0	0	1	0	0
15647910	15648560	0	0	1	0	0
15648557	15649087	0	1	1	0	0
15649084	15649424	0	1	1	0	0
15649421	15650095	0	1	1	0	0
15650092	15650484	0	1	1	0	0
15650668	15650782	0	1	1	0	0
15650779	15651051	0	1	1	0	0
15651048	15651621	0	1	1	0	0
15651618	15651759	0	1	1	0	0
15651907	15652677	0	1	1	0	0
15652768	15653225	0	1	1	0	0
15653222	15653634	0	1	1	0	0
15653631	15654106	0	1	1	0	0
15654103	15654552	0	1	1	0	0
15654549	15657335	0	0	1	0	0
15657332	15657425	0	0	1	0	0
15657484	15657698	0	0	1	0	0
15657695	15658001	0	0	1	0	0
15658138	15658283	0	0	1	0	1
15658294	15659054	1	0	1	0	1
15659051	15659463	1	0	1	0	1
15659626	15659819	1	0	1	0	1
15659990	15660085	1	0	1	0	1
15660184	15660372	1	0	1	0	1
15660522	15661104	1	0	1	0	1
15661101	15661835	1	0	1	0	1
15661832	15661871	1	0	1	0	1
15661919	15662221	1	0	1	0	1
15662218	15662550	1	0	1	0	1
15662593	15662976	1	0	1	0	0
15662973	15663794	1	0	1	0	0
15663864	15664038	1	0	1	0	1
15664176	15664350	1	0	1	0	1
15664464	15665202	1	0	1	0	1
15665199	15665898	1	0	1	0	1
15665895	15666082	1	0	1	0	1
15666237	15666429	1	0	1	0	1
15666426	15666702	1	0	1	0	1
15666720	15667687	1	0	1	0	1
15667684	15667997	1	0	1	0	1
15667994	15668175	1	0	1	0	1
15668357	15668489	1	0	1	0	1
15668579	15668774	1	0	1	0	1
15668942	15669051	1	0	1	0	1
15669300	15669369	1	0	1	0	1
15669366	15669661	1	0	1	0	1
15669883	15670022	1	0	1	0	1
15670222	15670467	1	0	1	0	1
15670464	15670611	1	0	1	0	1
15670834	15671026	1	0	1	0	1
15671072	15671256	1	0	1	0	1
15671407	15671460	1	0	1	0	1
15671457	15671862	1	0	1	0	1
15671859	15672048	1	0	1	0	1
15672045	15672613	1	0	1	0	1
15672610	15673310	1	0	1	0	1
15673496	15673526	0	0	1	0	1
15673658	15673905	0	0	1	0	1
15674054	15674176	0	0	0	0	1
15674187	15674730	0	0	0	0	1
15674978	15675047	0	0	0	0	1
15675294	15675382	0	0	0	0	1
15675620	15675742	0	0	0	0	1
15675896	15675947	0	0	0	0	1
15676262	15676513	0	0	0	0	1
15676510	15676590	0	0	0	0	1
15676587	15676913	0	0	0	0	1
15677135	15677247	0	0	0	0	1
15677277	15677492	0	0	0	0	1
15677489	15677791	0	0	1	0	1
15677999	15678368	0	0	1	0	1
15678407	15678994	0	0	1	0	0
15679057	15679760	0	0	1	0	0
15679757	15680325	0	0	1	0	0
15680414	15680896	0	0	1	0	0
15681017	15681092	0	0	1	0	0
15681089	15681343	0	0	1	0	0
15681493	15681877	0	0	1	0	0
15681874	15682904	0	0	1	0	0
15683124	15683466	0	0	1	0	1
15683672	15683754	0	0	1	0	1
15683751	15684132	0	1	1	0	1
15684311	15684632	0	1	1	0	1
15684629	15684785	0	1	1	0	1
15684782	15685330	0	0	1	0	1
15685327	15685594	0	0	1	0	1
15685729	15685923	0	0	1	0	1
15686042	15686659	0	0	1	0	1
15687034	15687263	0	0	1	0	1
15687260	15687841	0	0	1	0	1
15687912	15688423	0	0	1	0	1
15691025	15691299	0	0	1	0	1
15693482	15694005	0	0	1	0	0
15694208	15694291	0	0	1	0	0
15694536	15695506	0	0	1	0	0
15695515	15695746	0	0	1	0	0
15695884	15696293	0	0	1	0	0
15696290	15696420	0	0	1	0	0
15696523	15697022	0	0	1	0	0
15697019	15697377	0	0	1	0	0
15697374	15699016	1	0	1	0	0
15699013	15700082	1	1	1	0	0
15700213	15701038	1	1	1	0	0
15701044	15701163	1	1	1	0	0
15701160	15701813	1	1	1	0	0
15701810	15702498	1	1	1	0	0
15702495	15703157	1	1	0	0	0
15703197	15703246	1	1	0	1	0
15703243	15703670	1	1	0	1	0
15703742	15703895	1	1	0	1	0
15704079	15704276	1	1	0	1	0
15704273	15704623	1	1	0	1	0
15704620	15704864	1	1	0	1	0
15704888	15705573	1	1	0	0	0
15705622	15706007	0	1	0	0	0
15706103	15707587	0	1	0	0	0
15707584	15708461	0	1	0	0	0
15708458	15709002	0	1	0	0	0
15709037	15709730	0	1	0	0	0
15709727	15709989	0	1	0	0	0
15709986	15710443	0	1	0	0	0
15710440	15710554	0	1	0	0	0
15710572	15710791	0	1	0	0	0
15710800	15711382	0	1	0	0	0
15711506	15711809	0	1	0	0	0
15711806	15713440	0	1	0	0	0
15713692	15713783	1	1	0	0	1
15713780	15714568	1	0	0	0	1
15714565	15714682	1	0	0	0	1
15714679	15714943	1	0	0	0	1
15714940	15715705	1	0	0	0	1
15715702	15715904	1	0	0	0	1
15715901	15716638	1	0	0	0	1
15716635	15717162	1	0	0	0	1
15717159	15717703	1	0	0	0	1
15717908	15717991	1	0	0	0	1
15718024	15718231	1	0	0	0	1
15718318	15719022	1	0	1	0	1
15719019	15719145	1	0	1	0	1
15719361	15719792	1	0	1	0	1
15719789	15720383	0	0	1	0	1
15720475	15720680	0	0	1	0	1
15720677	15721075	0	0	1	0	1
15721072	15722285	0	0	1	0	1
15722416	15723085	0	0	1	0	1
15723240	15723681	0	0	1	0	1
15723678	15723981	0	0	1	0	1
15724134	15724275	0	0	1	0	1
15724519	15724584	0	0	1	0	1
15724794	15724891	0	0	1	0	1
15724888	15725131	0	0	1	0	1
15725361	15725436	0	0	1	0	1
15725706	15726123	0	0	1	0	1
15726138	15726346	0	0	1	0	1
15726535	15726631	0	0	1	0	1
15726628	15726958	0	0	1	0	1
15727195	15727270	0	0	1	0	1
15727497	15727718	0	0	1	0	0
15727715	15728133	0	0	1	0	0
15728130	15729606	0	0	1	0	0
15729603	15729745	1	0	1	0	0
15729782	15730311	1	0	1	0	0
15730308	15730689	1	0	1	0	0
15730803	15731120	1	0	1	0	0
15731588	15731787	1	0	1	0	0
15731784	15732659	1	0	1	0	0
15732941	15733091	1	0	1	0	0
15733184	15733405	1	0	1	0	0
15733471	15733693	1	0	1	0	0
15733690	15734333	1	0	1	0	0
15734371	15735670	1	0	1	0	0
15735667	15736279	1	0	1	0	0
15736488	15736581	1	0	1	0	0
15736772	15736898	1	0	1	0	0
15737126	15737164	1	0	1	0	0
15737354	15737760	1	0	1	0	0
15737945	15738489	1	0	1	0	0
15738486	15739109	1	0	1	0	0
15739106	15739271	0	0	1	0	0
15739484	15739770	0	0	1	0	0
15739767	15740074	0	0	1	0	0
15740071	15740206	0	0	1	0	0
15740410	15740828	0	0	1	0	0
15740834	15741216	0	0	1	0	0
15741345	15741387	0	0	1	0	0
15741384	15741732	0	0	1	0	0
15741840	15741969	0	0	1	0	0
15742213	15742569	0	0	1	0	0
15742566	15743204	0	0	1	0	0
15743201	15743893	0	0	1	0	0
15743890	15744233	0	0	1	0	0
15744459	15745739	0	0	1	0	0
15745736	15747395	0	0	1	0	0
15747556	15747743	0	0	1	0	0
15747856	15748186	0	0	1	0	0
15748183	15748639	0	0	1	0	0
15748663	15749225	0	0	1	0	0
15749273	15749570	0	0	1	0	0
15749645	15749869	0	0	1	0	0
15749919	15750130	0	0	1	0	0
15750228	15750355	0	0	1	0	0
15750410	15750792	0	0	1	0	0
15750789	15751146	0	0	1	0	0
15751143	15751243	0	0	1	0	0
15751422	15751765	1	0	1	0	0
15751762	15752535	1	0	1	0	0
15752673	15752827	1	0	1	0	0
15752824	15753215	1	0	1	0	0
15753271	15753703	1	0	1	0	0
15753789	15754351	1	0	1	0	0
15754348	15754981	0	1	1	0	0
15754978	15755473	0	1	1	0	0
15755667	15755801	0	1	1	0	0
15755798	15756046	0	0	1	0	0
15756274	15756581	0	0	1	0	0
15756578	15756798	0	0	1	0	0
15756795	15757035	0	0	1	0	0
15757032	15757367	0	0	1	0	0
15757364	15757580	0	0	1	0	0
15757789	15758691	0	0	1	0	0
15758700	15759294	0	0	1	0	0
15759291	15759663	0	0	1	0	0
15759660	15760378	1	1	1	0	0
15760375	15760632	1	1	1	0	0
15760676	15761257	1	1	1	0	0
15761254	15762012	1	1	1	0	0
15762009	15762465	1	1	1	0	0
15762578	15762851	1	0	1	0	0
15762866	15763292	1	0	1	0	0
15763340	15765531	1	0	1	0	0
15765528	15765898	1	0	1	0	0
15765895	15766050	1	0	1	0	0
15766047	15766465	1	0	1	0	0
15766462	15766546	1	0	1	0	1
15766812	15766998	1	0	1	0	1
15767082	15767207	1	0	1	0	1
15767242	15767534	1	0	1	0	1
15767531	15767850	1	0	1	0	1
15768014	15768056	1	0	1	0	1
15768297	15768479	1	0	1	0	1
15768480	15768648	1	0	1	0	1
15768818	15769466	1	0	1	0	1
15769463	15769588	1	0	1	0	1
15769585	15770834	1	0	1	0	1
15770831	15771201	1	0	1	0	1
15771198	15771756	1	0	1	0	1
15771765	15771981	1	0	1	0	1
15772251	15772350	1	0	1	0	1
15772425	15773072	1	0	1	0	1
15773103	15773439	1	0	1	0	1
15773694	15773733	1	0	1	0	1
15773730	15774453	1	0	1	0	1
15774643	15775172	1	0	1	0	1
15775169	15775414	1	0	1	0	1
15775411	15776079	1	0	1	0	1
15776076	15776306	1	0	1	0	1
15776414	15776548	1	0	1	0	1
15776549	15777241	1	0	1	0	1
15777238	15777552	1	0	1	0	1
15777549	15778010	1	0	1	0	1
15778200	15778484	1	0	1	0	1
15778481	15778549	1	0	1	0	1
15778640	15778851	1	0	1	0	1
15779002	15779191	1	0	1	0	1
15779299	15779579	1	0	1	0	1
15779576	15779818	1	0	1	0	0
15779854	15781202	1	0	1	0	0
15781199	15781759	1	0	1	0	0
15781756	15782098	1	0	1	0	0
15782095	15782875	1	0	1	0	0
15782872	15783192	1	0	1	0	0
15783248	15783521	1	0	1	0	0
15783518	15783674	1	0	1	0	0
15783671	15783989	1	0	1	0	0
15783986	15785100	1	0	1	0	0
15785097	15785247	1	0	1	0	0
15785311	15786969	1	0	1	0	0
15787121	15787234	1	0	1	0	0
15787231	15788786	1	0	1	0	0
15789034	15789074	1	0	1	0	1
15789254	15789345	1	0	1	0	1
15789342	15789791	1	0	1	0	1
15789933	15790060	1	0	1	0	1
15790057	15790269	1	0	1	0	1
15790348	15790758	1	0	1	0	1
15790755	15791141	1	0	1	0	1
15791138	15791529	1	0	1	0	1
15791526	15791818	1	0	1	0	1
15791815	15792790	1	0	1	0	1
15792787	15793144	1	0	1	0	1
15793141	15793622	1	0	1	0	1
15793619	15793981	1	0	1	0	1
15793978	15794646	1	0	1	0	1
15794643	15795604	1	0	1	0	1
15795601	15795663	1	0	1	0	1
15795775	15796341	1	0	1	0	1
15796530	15797269	1	0	1	0	1
15797288	15798035	1	0	1	0	1
15798032	15798446	1	0	1	0	1
15798443	15799669	1	0	1	0	1
15799666	15800172	1	0	1	0	0
15800169	15801228	0	0	1	0	0
15801239	15801707	0	0	1	0	0
15801745	15802180	0	0	1	0	0
15802177	15802294	0	0	1	0	0
15802291	15802695	0	0	1	0	0
15802749	15803040	0	0	1	0	0
15803136	15803187	0	0	0	0	0
15803274	15803536	1	0	0	0	0
15803533	15803778	1	0	0	0	0
15804049	15804184	1	0	0	0	0
15804277	15804382	1	0	0	0	0
15804379	15804637	1	0	0	0	0
15804634	15805398	1	0	0	0	0
15805395	15805857	1	0	0	0	0
15805854	15806979	0	0	0	0	1
15806976	15807231	0	0	0	0	1
15807324	15807570	0	0	0	0	1
15807567	15808090	0	0	0	0	1
15808087	15808523	0	0	0	0	1
15808520	15808757	0	0	0	0	1
15808761	15808882	0	0	0	0	1
15808879	15809126	0	0	0	0	1
15809371	15809570	0	0	0	0	1
15809582	15809774	0	0	0	0	1
15809996	15810542	0	0	0	0	1
15810539	15810649	0	0	0	0	1
15810799	15811153	0	0	0	0	1
15811189	15811247	0	0	0	0	1
15811472	15811563	0	0	0	0	1
15811560	15812088	0	0	0	0	1
15812085	15812387	0	0	0	0	1
15812434	15812466	0	0	0	0	1
15812625	15812972	0	0	0	0	1
15812969	15813172	0	0	0	0	1
15813304	15813340	0	0	0	0	1
15813619	15813949	0	0	0	0	1
15813946	15814036	0	0	0	0	1
15814033	15814329	0	0	0	0	1
15814326	15815049	0	0	0	0	1
15815046	15815576	0	0	0	0	1
15815584	15816548	0	0	0	0	1
15816545	15816678	0	0	0	0	1
15816675	15817027	0	0	0	0	1
15817109	15817378	0	0	0	0	1
15817442	15817648	0	0	0	0	1
15817645	15817907	0	0	0	0	1
15817943	15818253	0	0	0	0	1
15818250	15818708	0	0	0	0	1
15818705	15820956	0	0	0	0	1
15820953	15821287	0	0	0	0	1
15821284	15821634	1	0	1	0	1
15821631	15821781	1	0	1	0	1
15821996	15822341	1	0	1	0	1
15822494	15822667	1	0	1	0	1
15822664	15822952	1	0	1	0	1
15822949	15823554	1	0	1	0	1
15823622	15824234	1	0	1	0	1
15824231	15824706	1	0	1	0	1
15824703	15824916	1	0	1	0	1
15824913	15825728	1	0	1	0	1
15825830	15825932	1	0	1	0	0
15825929	15827353	1	0	1	0	0
15827350	15827824	1	0	1	0	0
15827821	15828118	1	0	1	0	0
15828115	15828462	1	0	1	0	0
15828598	15828665	1	0	1	0	0
15828738	15828974	1	0	1	0	0
15828971	15829657	1	0	1	0	0
15829654	15830875	1	0	1	0	0
15830949	15831268	1	0	1	0	0
15831265	15831644	1	0	1	0	0
15831641	15831713	1	0	1	0	0
15831710	15832303	1	0	1	0	0
15832340	15832754	1	0	1	0	0
15832751	15833061	1	0	1	0	0
15833058	15833317	1	0	1	0	0
15833320	15833455	1	0	1	0	0
15833508	15833956	1	0	1	0	0
15834020	15834304	1	0	1	0	0
15834301	15834818	1	0	1	0	0
15834907	15836298	1	0	1	0	0
15836415	15836718	1	0	1	0	0
15836715	15836733	1	0	1	0	0
15836899	15837505	1	0	1	0	0
15837578	15838068	1	0	1	0	0
15838199	15838621	1	0	1	0	0
15838618	15839684	1	0	1	0	0
15839681	15840287	1	0	1	0	0
15840503	15840799	1	0	1	0	1
15840796	15841098	1	0	1	0	1
15841095	15841461	1	0	0	0	1
15841458	15842298	0	0	0	0	1
15842372	15842773	0	0	0	1	1
15842807	15843297	0	0	0	1	1
15843294	15843368	0	0	0	1	1
15843459	15844331	0	0	0	1	1
15844336	15844992	0	0	0	1	1
15844989	15845235	0	0	0	1	1
15845314	15845429	0	0	0	1	1
15845557	15846377	0	0	0	1	1
15846478	15846641	0	0	0	1	1
15846942	15846967	0	0	0	1	1
15846964	15847698	0	0	0	1	1
15847695	15847921	0	0	0	1	1
15848160	15848258	0	0	0	1	1
15848355	15849123	0	0	0	1	1
15849120	15850055	0	0	0	1	1
15850052	15850561	0	0	0	1	1
15850758	15851230	0	0	0	1	1
15851227	15851997	0	0	0	1	1
15851994	15852738	0	0	0	1	1
15852845	15854733	0	0	0	1	1
15854923	15855875	0	0	0	1	1
15855872	15856360	0	0	0	1	1
15856357	15856595	0	0	0	1	1
15856621	15856891	0	0	0	1	1
15857122	15857319	0	0	0	1	1
15857316	15858040	0	0	0	1	1
15858037	15858307	0	0	0	1	1
15858304	15858467	0	0	0	1	1
15858464	15858689	0	0	0	1	1
15858686	15859804	0	0	0	1	1
15859801	15859988	0	0	0	1	1
15859985	15860959	0	0	0	0	1
15860956	15861735	0	0	0	0	1
15861732	15862512	0	0	0	0	1
15862509	15864406	0	0	0	0	1
15864523	15865236	0	0	0	0	1
15865233	15865266	0	0	0	0	1
15865263	15866451	0	0	0	0	1
15866448	15866895	0	0	0	0	1
15866892	15867758	0	0	0	0	1
15867755	15868269	0	0	0	0	1
15868266	15868854	0	0	0	0	1
15868851	15869178	0	0	0	0	1
15869292	15869573	0	0	0	0	1
15869570	15870451	0	0	0	0	1
15870518	15870967	0	0	0	0	1
15870964	15871331	0	0	0	0	1
15871328	15871573	0	0	0	0	1
15871570	15872172	0	0	0	0	1
15872231	15872458	0	0	0	0	1
15872732	15872758	0	0	0	0	1
15873005	15873127	0	0	0	0	1
15873173	15873373	0	0	0	0	1
15873527	15873829	0	0	0	0	1
15873826	15874228	0	0	0	0	1
15874225	15874238	0	0	0	0	1
15874435	15874764	0	0	0	0	1
15874761	15875077	0	0	0	0	1
15875131	15875400	0	0	0	0	1
15875397	15875557	0	0	0	0	1
15875554	15875851	0	0	0	0	1
15875848	15876527	1	0	0	0	1
15876524	15877212	1	0	0	0	0
15877209	15878078	1	0	1	0	0
15878111	15879185	0	0	1	0	0
15879182	15879687	0	0	1	0	0
15879921	15880037	0	0	1	0	0
15880034	15880376	0	0	1	0	0
15880478	15880716	0	0	1	0	0
15880713	15881620	0	0	1	0	0
15881617	15881998	0	0	1	0	0
15881995	15882327	0	0	1	0	0
15882324	15882555	0	0	1	0	0
15882552	15882658	0	0	1	0	0
15882655	15883017	0	0	1	0	0
15883014	15884715	0	0	1	0	0
15884712	15885013	0	0	1	0	0
15885016	15885889	0	0	1	0	0
15885886	15886246	0	0	1	0	0
15886243	15888039	0	0	1	0	0
15888036	15888218	0	0	1	0	0
15888215	15888419	0	0	1	0	0
15888416	15888994	0	0	1	0	0
15889007	15889598	0	0	1	0	0
15889595	15890900	0	0	1	0	0
15890897	15891233	0	0	1	0	0
15891252	15891375	0	0	1	0	0
15891555	15891769	0	0	1	0	0
15891916	15891997	0	0	1	0	0
15892051	15892338	0	0	1	0	0
15892528	15892588	0	0	1	0	1
15892804	15893170	0	0	1	0	1
15893323	15893582	0	0	1	0	1
15893579	15894479	0	0	1	0	1
15894476	15894764	1	0	1	0	1
15894782	15894981	1	0	1	0	1
15895204	15895369	1	0	1	0	1
15895519	15895621	1	0	1	0	1
15895618	15896273	1	0	1	0	1
15896420	15896471	1	0	1	0	1
15896468	15896991	1	0	1	0	1
15897006	15897240	1	0	1	0	1
15897237	15897619	0	0	1	0	1
15897616	15897713	0	0	1	0	1
15897897	15897974	0	0	1	0	1
15897971	15898478	0	1	1	0	0
15898475	15898868	0	1	1	0	0
15898865	15900339	0	0	0	0	0
15900336	15900660	0	0	0	1	1
15900657	15901380	0	0	0	1	1
15901377	15901872	0	0	0	1	1
15902010	15902147	0	0	0	1	1
15902144	15902876	0	0	0	1	1
15902873	15903321	0	0	0	1	1
15903318	15904420	0	0	0	1	1
15904417	15905055	0	0	0	1	1
15905052	15905326	0	0	0	1	1
15905323	15906088	0	0	0	1	1
15906085	15906464	0	0	0	1	1
15951587	15953921	0	0	0	1	1
15953918	15954309	0	0	0	1	1
15954306	15954855	0	0	0	1	1
15954852	15955526	0	0	0	1	1
15955523	15955847	0	0	0	1	1
15955844	15956214	0	0	0	1	1
15956367	15956648	0	0	0	1	1
15956645	15957227	0	0	0	1	0
15957224	15958884	0	0	0	1	0
15958881	15959715	0	0	0	1	1
15959712	15960567	0	0	0	1	1
15960564	15960726	0	0	0	1	1
15960723	15960964	0	0	0	1	1
15960961	15961280	0	0	0	1	1
15961277	15962566	0	0	0	1	1
15962563	15963071	0	0	0	1	1
15963266	15964298	0	0	1	1	1
15964432	15964853	0	0	1	1	1
15965099	15965401	0	0	1	1	1
15965425	15965476	0	0	1	1	1
15965543	15966124	0	0	1	1	1
15966121	15966787	0	0	1	1	0
15966784	15966984	0	0	0	1	0
15967131	15967800	0	0	0	1	0
15967797	15967960	0	0	0	1	0
15968098	15969062	0	0	0	1	0
15969069	15969624	0	0	0	1	0
15969621	15970291	0	0	0	1	1
15970483	15971236	0	0	0	1	1
15971233	15971805	0	0	0	1	1
15971802	15972876	0	0	0	1	1
15972932	15973429	0	0	1	1	1
15973426	15973887	0	0	1	1	1
15973916	15974260	0	0	1	1	1
15974257	15974489	0	0	1	1	1
15974631	15975026	0	0	1	1	1
15975029	15975056	0	0	0	1	1
15975264	15975866	0	0	0	1	1
15975863	15975965	0	0	0	1	1
15976223	15976315	0	0	0	1	1
15976401	15978238	0	0	0	1	1
15978235	15978730	0	0	0	1	1
15979165	15979612	0	0	0	1	1
15979609	15980167	0	1	0	1	1
15980164	15980462	0	1	0	1	1
15980459	15980848	0	1	0	1	1
15980869	15983131	0	1	0	1	0
15983128	15983359	0	1	0	1	0
15983356	15984599	0	1	0	1	0
15984596	15986452	0	1	0	1	0
15986449	15988059	1	0	0	1	0
15988056	15988381	1	0	0	1	0
15988441	15988603	1	0	0	1	0
15988766	15988896	1	0	0	1	0
15989021	15989158	1	0	0	1	0
15989401	15989758	1	0	0	1	0
15989817	15991743	0	0	0	1	0
15991740	15992307	0	0	0	1	1
15992418	15992435	0	0	0	1	1
15992507	15993252	0	0	0	1	1
15993265	15993351	0	0	0	1	1
15993594	15993827	0	0	0	1	1
15993906	15994003	0	0	0	1	1
15994011	15995174	0	0	0	1	1
15995171	15995471	0	0	0	1	1
15995557	15996478	0	1	0	1	0
15996880	15997777	0	1	0	1	0
15997774	15998341	0	1	0	1	0
15998338	15998553	0	1	0	1	0
15998550	15999021	0	1	0	1	0
15999018	16000104	0	1	0	1	0
16000101	16000586	0	1	0	1	0
16000583	16001036	0	1	0	1	0
16001033	16001465	0	1	0	1	0
16001462	16002130	0	1	0	1	0
16002311	16003163	0	1	0	1	0
16003447	16003738	0	1	0	1	0
16003790	16004053	0	1	0	1	0
16004050	16005561	0	1	0	1	0
16005563	16006118	0	0	0	1	1
16006183	16007539	0	0	0	1	1
16007536	16008498	0	0	0	1	1
16008495	16008759	0	0	0	1	1
16008756	16008992	0	0	0	1	1
16008989	16009313	0	0	0	1	1
16009310	16010034	0	0	0	1	1
16010031	16010357	0	0	0	1	1
16010354	16011406	0	0	0	1	1
16011403	16012323	0	0	0	1	1
16012343	16012824	0	0	0	1	1
16012821	16012894	0	0	0	1	1
16013095	16013173	0	0	0	1	1
16013196	16013465	0	0	0	1	1
16013710	16013752	0	0	0	1	1
16013803	16014301	0	0	0	1	1
16014298	16014424	0	0	0	1	1
16014646	16015024	0	0	0	1	1
16015021	16015399	0	0	0	1	1
16015453	16015611	0	0	0	1	1
16015672	16015900	0	0	0	1	1
16016104	16016176	0	0	0	1	1
16016173	16016435	0	0	0	1	1
16016470	16017776	0	0	0	1	0
16017773	16018389	0	0	0	1	0
16018510	16018557	0	0	0	1	1
16018574	16019903	0	0	0	1	1
16019900	16020078	0	0	0	1	1
16020356	16020369	0	0	0	1	1
16020605	16020873	0	0	0	1	1
16020870	16021439	0	0	0	1	1
16021436	16021635	0	0	0	1	1
16021790	16021931	0	0	0	1	1
16021928	16022249	0	0	0	1	1
16022274	16022478	0	0	0	1	1
16022475	16023024	0	0	0	1	1
16023021	16023049	0	0	0	1	1
16023123	16024681	0	0	0	1	1
16024678	16025028	0	0	0	1	1
16025025	16025934	0	0	0	1	1
16025954	16027414	0	0	0	1	1
16027472	16027574	0	0	0	1	1
16027571	16028493	0	0	0	1	1
16028670	16028739	0	0	0	1	1
16028736	16029072	0	0	0	1	1
16029069	16029650	0	0	0	1	1
16029647	16030321	0	0	0	1	1
16030318	16030803	0	0	0	1	1
16030800	16031020	0	0	0	1	1
16031017	16031234	0	0	0	1	1
16031231	16032680	0	0	0	1	1
16032677	16032932	0	0	0	1	1
16032948	16033449	0	0	0	1	1
16033446	16034533	0	0	0	1	1
16034530	16035116	0	0	0	1	1
16035259	16035457	0	0	0	1	1
16035454	16035914	0	0	0	1	1
16035911	16035956	0	0	0	1	1
16036105	16036955	0	0	0	1	1
16037072	16037284	0	0	0	1	1
16037367	16037517	0	0	0	1	1
16037514	16037801	0	0	0	1	1
16038038	16038239	0	0	0	1	1
16038236	16038391	0	0	0	1	1
16038574	16039888	0	0	0	1	1
16040134	16040211	0	0	0	1	1
16040265	16040627	0	0	0	1	1
16040624	16040795	0	0	0	1	1
16041223	16044614	0	0	0	1	1
16044611	16045164	0	0	0	1	1
16045161	16045577	0	0	0	1	1
16045812	16046190	0	0	0	1	1
16046402	16046582	0	0	0	1	1
16046657	16046781	0	0	0	1	1
16047070	16047962	0	0	0	1	1
16048209	16048314	0	0	0	1	1
16048311	16048590	0	0	0	1	1
16048785	16048869	0	0	0	1	1
16048959	16049305	0	0	0	1	1
16049407	16050193	0	0	0	1	1
16050190	16050667	0	0	0	1	1
16050685	16051615	0	0	0	1	1
16051612	16052073	0	0	0	1	1
16052070	16052337	0	0	0	1	1
16052334	16052511	0	0	0	1	1
16052508	16053088	0	0	0	1	1
16053085	16053363	0	0	0	1	1
16053360	16053963	0	0	0	1	1
16053960	16054568	0	0	0	1	1
16054565	16054956	0	0	0	1	1
16055014	16055933	0	0	0	1	1
16056008	16056412	0	0	0	1	1
16056409	16056932	0	0	0	1	1
16056929	16058231	0	0	0	1	1
16058228	16059196	0	0	0	1	1
16059193	16059561	0	0	0	1	1
16059558	16060461	0	0	0	1	1
16060458	16061647	0	0	0	1	1
16061644	16062107	0	0	0	1	1
16062133	16063124	0	0	0	1	1
16063121	16063825	0	0	0	1	1
16063822	16065960	0	0	0	1	1
16065957	16066033	0	0	0	1	1
16066163	16066653	0	0	0	1	1
16066650	16066942	0	0	0	1	1
16067054	16067230	0	0	0	1	1
16067227	16067505	0	0	0	1	1
16067502	16067783	0	0	0	1	1
16067780	16068272	0	0	0	1	1
16068269	16068486	0	0	0	1	1
16068497	16068637	0	0	0	1	1
16068634	16069021	0	0	0	1	1
16069132	16070078	0	0	0	1	1
16070094	16070203	0	0	0	1	1
16070200	16070677	0	0	0	1	1
16070674	16070796	0	0	0	1	1
16070860	16071074	0	0	0	1	1
16071281	16071454	0	0	0	1	1
16071451	16072236	0	0	0	1	1
16072233	16073238	0	0	0	1	1
16073613	16074337	0	0	0	1	1
16074334	16074998	0	0	0	1	1
16074995	16075446	0	0	0	1	1
16075443	16076384	0	0	0	1	1
16076381	16076573	0	0	0	1	1
16076570	16077100	0	0	0	1	1
16077097	16077717	0	0	0	1	1
16077714	16078673	0	0	0	1	1
16078670	16079100	0	0	0	1	1
16079097	16079378	0	0	0	1	1
16079375	16079680	0	0	0	1	1
16079677	16079783	0	0	0	1	1
16079780	16080300	0	0	0	1	1
16080297	16081342	0	0	0	1	1
16081467	16081658	0	0	0	1	1
16081655	16082232	0	0	0	1	1
16082294	16082673	0	0	0	1	1
16082718	16083236	0	0	0	1	1
16083581	16084203	0	0	0	1	1
16084200	16084555	0	0	0	1	1
16084552	16087097	0	0	0	1	1
16087094	16087489	0	0	0	1	1
16087486	16088057	0	0	0	1	1
16088054	16089432	0	0	0	1	1
16089429	16089704	0	0	0	1	1
16089778	16091143	0	0	0	1	1
16091140	16091544	0	0	0	1	1
16091729	16092456	0	0	0	1	1
16092581	16092708	0	0	0	1	1
16092710	16093001	0	0	0	1	1
16093016	16093444	0	0	0	1	1
16093441	16093578	0	0	0	1	1
16093676	16095014	0	0	0	1	1
16095011	16095543	0	0	0	1	1
16095540	16095666	0	0	0	1	1
16095663	16096696	0	0	0	1	1
16096707	16097122	0	0	0	1	1
16097119	16097388	0	0	0	1	1
16097433	16097536	0	0	0	1	1
16097533	16098022	0	0	0	1	1
16098019	16098092	0	0	0	1	1
16098314	16098365	0	0	0	1	1
16098362	16098731	0	0	0	1	1
16098885	16099139	0	0	0	1	1
16099136	16099515	0	0	0	1	1
16099512	16101388	0	0	0	1	1
16101504	16101666	0	0	0	1	1
16101663	16101993	0	0	0	1	1
16102085	16102738	0	0	0	1	1
16102842	16103543	0	0	0	1	1
16103540	16104240	0	0	0	1	1
16104237	16104349	0	0	0	1	1
16104346	16104760	0	0	0	1	1
16104757	16105143	0	0	0	1	1
16105153	16105591	0	0	0	1	1
16105588	16105889	0	0	0	1	1
16106075	16106213	0	0	0	1	1
16106363	16106519	0	0	0	1	1
16106630	16106844	0	0	0	1	1
16106841	16107130	0	0	0	1	1
16107172	16108436	0	0	0	1	1
16108462	16108693	0	0	0	1	1
16108728	16109102	0	0	0	1	1
16109099	16109203	0	0	0	1	1
16109327	16109595	0	0	0	1	1
16109599	16110020	0	0	0	1	1
16110017	16110069	0	0	0	1	1
16110191	16110750	0	0	0	1	0
16111094	16111942	0	0	0	1	0
16111939	16113441	0	0	0	1	0
16113588	16113720	0	0	0	1	1
16113754	16114189	0	0	0	1	1
16114186	16114323	0	0	0	1	1
16114478	16114545	0	0	0	1	1
16114542	16115620	0	0	0	1	1
16115617	16116083	0	0	0	1	1
16116307	16116413	0	0	0	1	1
16116541	16116722	0	0	0	1	1
16124977	16125933	0	0	0	1	1
16125930	16126219	0	0	0	1	1
16126216	16129543	0	0	0	1	1
16129540	16130514	0	0	0	1	1
16130607	16131875	0	0	0	1	1
16131872	16132088	0	0	0	1	1
16132085	16132278	0	0	0	1	1
16132683	16134091	0	0	0	1	1
16134280	16134490	0	0	0	1	1
16134487	16134734	0	0	0	1	1
16134813	16135714	0	0	0	1	1
16135791	16135954	0	0	0	1	1
16135951	16136393	0	0	0	1	1
16136390	16136438	0	0	0	1	1
16136649	16137226	0	0	0	1	1
16137223	16137356	0	0	0	1	1
16137535	16137652	0	0	0	1	1
16137649	16138723	0	0	0	1	1
16138720	16138983	0	0	0	1	1
16139036	16139185	0	0	0	1	1
16139353	16139749	0	0	0	1	1
16139746	16140159	0	0	0	1	1
16140156	16141613	0	0	0	1	1
16141610	16142156	0	0	0	1	1
16142153	16143046	0	0	0	1	1
16143043	16143555	0	0	0	1	1
16143552	16143692	0	0	0	1	1
16143886	16144513	0	0	0	1	1
16144510	16146693	0	0	0	1	1
16146690	16147531	0	0	0	1	1
16147528	16148182	0	0	0	1	1
16148179	16148435	0	0	0	1	1
16148729	16150115	0	0	0	1	1
16150112	16150282	0	0	0	1	1
16150279	16150855	0	0	0	1	1
16150852	16151213	0	0	0	1	1
16151360	16152499	0	0	0	1	1
16152496	16152963	0	0	0	1	1
16152960	16153608	0	0	0	1	1
16153605	16153865	0	0	0	1	1
16153862	16154690	0	0	0	1	1
16154687	16154933	0	0	0	1	1
16154930	16155213	0	0	0	1	1
16155210	16155500	0	0	0	1	1
16155497	16156414	0	0	0	1	1
16156427	16157504	0	0	0	1	1
16157707	16158856	0	0	0	1	1
16158853	16159187	0	0	0	1	1
16159184	16159392	0	0	0	1	1
16159519	16159790	0	0	0	1	1
16159787	16160086	0	0	0	1	1
16160083	16160248	0	0	0	0	1
16160356	16160437	0	0	1	0	1
16160434	16160949	0	0	1	0	1
16161012	16161450	0	0	1	0	1
16161627	16161975	0	0	1	0	1
16162199	16162371	0	0	1	0	1
16162391	16162661	0	0	1	0	1
16162679	16163049	0	0	1	0	1
16163046	16163323	0	0	1	0	1
16163436	16164083	0	0	1	0	1
16164080	16164345	0	0	1	0	1
16164435	16165682	0	0	1	0	0
16165744	16166273	0	0	1	0	0
16166270	16166552	0	0	1	0	0
16166549	16167039	0	0	1	0	0
16167355	16167654	0	0	1	0	0
16167651	16167871	0	0	1	0	0
16167907	16168435	0	0	1	0	0
16168432	16168644	0	0	1	0	0
16168683	16168833	0	0	1	0	0
16168830	16169570	0	0	1	0	0
16169712	16169841	0	0	1	0	0
16169838	16170469	0	0	1	0	0
16170542	16170702	0	0	1	0	0
16170831	16171089	0	0	1	0	0
16171086	16171291	0	0	1	0	0
16171288	16171574	0	0	1	0	0
16171571	16172381	0	1	1	0	0
16172378	16173335	0	1	1	0	0
16173584	16173655	0	1	1	0	0
16173652	16173983	0	1	1	0	0
16173980	16174431	0	1	1	0	0
16174428	16174618	0	1	1	0	0
16174615	16175474	0	1	1	0	0
16175561	16176213	0	1	1	0	0
16176568	16176989	0	1	1	0	0
16177123	16177634	0	1	1	0	0
16177832	16177880	0	0	1	0	0
16177967	16178451	0	0	1	0	0
16178468	16178920	0	0	1	0	0
16178917	16180334	0	0	1	0	0
16180331	16180950	0	0	1	0	0
16180947	16181127	0	0	1	0	0
16181219	16181689	0	0	1	0	0
16181706	16182610	0	0	1	0	0
16182607	16182884	0	0	1	0	0
16182881	16183325	0	0	1	0	0
16183411	16184145	0	0	1	0	0
16184142	16184849	0	0	1	0	0
16185010	16185445	0	0	1	0	0
16185453	16186050	0	0	1	0	0
16186215	16186383	0	0	1	0	0
16186525	16186561	0	0	1	0	0
16186558	16187022	0	0	1	0	0
16187055	16187850	0	0	1	0	0
16187847	16188054	0	0	1	0	0
16188170	16188452	0	0	1	0	0
16188478	16188872	0	0	1	0	0
16188917	16188950	0	0	1	0	0
16188947	16189243	0	0	1	0	0
16189240	16190279	0	0	1	0	0
16190276	16190482	0	0	1	0	0
16190479	16191719	0	0	1	0	0
16191716	16192028	0	0	1	0	0
16192262	16192337	0	0	1	0	0
16192436	16192569	1	0	1	0	1
16192566	16193024	1	0	1	0	1
16193021	16193239	1	0	1	0	1
16193236	16193442	1	0	1	0	1
16193696	16193830	1	0	1	0	1
16194339	16194390	1	0	1	0	1
16194478	16194704	1	0	1	0	1
16194701	16194974	1	0	1	0	1
16195112	16195383	1	0	1	0	1
16195380	16195661	1	0	1	0	1
16195658	16195963	1	0	1	0	1
16195960	16196253	1	0	1	0	1
16196250	16196942	1	0	1	0	1
16196939	16197032	0	0	1	0	1
16197029	16198140	0	0	1	0	1
16198146	16198309	0	0	0	0	1
16198515	16198663	0	0	0	0	1
16198828	16198997	0	0	0	0	1
16198994	16199245	0	0	0	0	1
16199242	16199509	0	0	0	0	1
16199732	16200138	0	0	0	0	1
16200171	16201130	0	0	0	0	1
16201127	16201434	0	0	0	0	1
16201527	16201626	0	0	0	0	1
16201623	16201843	0	0	0	0	1
16202077	16203428	0	0	0	0	1
16203601	16204046	0	0	1	0	1
16204043	16204507	0	0	1	0	1
16204504	16204723	0	0	1	0	1
16204720	16205023	0	0	1	0	1
16205142	16205161	0	0	1	0	1
16205163	16205643	0	0	1	0	1
16205724	16205769	0	0	1	0	1
16206024	16206069	0	0	1	0	1
16206357	16206399	0	0	1	0	1
16206645	16206709	0	0	1	0	0
16206706	16208285	0	0	1	0	0
16208282	16208444	0	0	1	0	0
16208677	16208902	0	0	1	0	0
16208988	16209101	0	0	1	0	1
16209324	16209375	0	0	1	0	1
16209549	16209690	0	0	1	0	1
16209696	16209953	0	0	1	0	1
16210224	16210466	0	0	1	0	1
16210463	16210697	0	0	1	0	1
16210799	16210845	0	0	1	0	1
16210842	16211157	0	0	1	0	1
16211352	16211454	0	0	1	0	1
16211672	16211857	0	0	1	0	1
16211854	16212245	0	0	1	0	0
16212284	16212846	0	0	1	0	0
16212843	16213507	0	0	1	0	0
16213504	16214124	0	0	1	0	0
16214121	16214667	0	0	1	0	0
16214671	16215579	0	0	1	0	0
16215576	16216386	0	0	1	0	0
16216494	16216540	0	0	1	0	0
16216765	16216894	0	0	1	0	0
16216896	16217309	0	0	1	0	0
16217310	16217554	0	0	1	0	0
16217551	16217873	0	0	1	0	0
16217957	16218504	0	0	1	0	0
16218501	16218768	0	0	1	0	0
16218828	16219202	0	0	1	0	0
16219199	16219610	0	0	1	0	0
16219790	16220007	0	0	1	0	0
16220004	16220216	0	0	1	0	0
16220285	16220519	0	0	1	0	0
16220715	16221202	0	0	1	0	0
16221199	16221470	0	0	1	0	0
16221514	16221723	0	0	1	0	1
16221918	16222041	0	0	1	0	1
16222208	16222607	0	0	1	0	1
16222675	16222900	0	0	1	0	1
16223041	16223191	0	0	1	0	1
16223361	16223733	0	0	1	0	1
16223730	16223978	0	0	1	0	0
16223975	16225870	0	0	1	0	0
16225867	16227415	0	0	1	0	0
16227412	16228407	0	0	1	0	0
16228404	16230297	0	0	1	0	0
16230294	16230845	0	0	1	0	0
16230842	16231061	0	0	1	0	0
16231058	16231253	0	0	1	0	0
16231526	16231880	0	0	1	0	0
16232069	16233026	0	0	1	0	0
16233023	16233165	0	0	1	0	0
16233229	16233629	0	0	1	0	0
16233626	16233676	0	0	1	0	0
16233673	16234747	0	0	1	0	0
16243674	16244473	0	0	1	0	0
16244531	16244736	0	0	1	0	1
16244987	16245069	0	0	1	0	1
16245328	16245437	0	0	1	0	1
16245620	16245657	0	0	1	0	1
16245917	16245987	0	0	1	0	1
16245984	16246318	1	0	1	0	1
16246442	16246540	1	0	1	0	1
16246848	16246993	1	0	1	0	1
16247045	16247136	1	0	1	0	1
16247454	16247651	1	0	1	0	1
16247648	16247863	1	0	1	0	1
16247860	16248055	1	0	1	0	1
16248279	16248504	1	0	1	0	1
16248501	16248633	1	0	1	0	1
16248890	16249011	1	0	1	0	1
16249008	16249462	1	0	1	0	1
16249459	16249869	0	0	1	0	1
16249866	16250201	0	0	1	0	1
16250198	16250821	0	0	1	0	1
16250818	16251333	0	0	1	0	0
16251345	16251522	0	0	1	0	0
16251519	16251813	0	0	1	0	0
16251810	16251999	0	0	1	0	0
16252225	16253764	0	0	1	0	0
16253761	16254085	1	0	1	0	0
16254082	16258026	1	0	1	0	0
16258495	16258790	1	0	1	0	1
16259026	16259190	0	0	1	0	1
16259187	16259453	0	0	1	0	1
16259725	16259846	0	0	1	0	1
16259843	16260152	0	0	1	0	1
16260149	16261054	0	0	1	0	1
16261246	16261607	0	0	1	0	1
16261656	16262430	0	0	1	0	1
16262427	16262797	0	0	1	0	1
16262794	16264616	0	0	1	0	1
16264821	16265040	0	0	1	0	1
16265037	16265186	0	0	1	0	1
16265349	16265528	0	0	1	0	0
16265715	16265776	0	0	1	0	0
16265855	16268767	0	0	1	0	0
16268980	16269151	0	0	1	0	1
16269238	16269965	0	0	1	0	1
16269962	16270245	1	0	1	0	1
16270344	16270852	1	0	1	0	1
16271047	16271369	1	0	1	0	1
16271366	16271577	1	0	1	0	1
16271574	16271883	1	0	1	0	1
16271951	16272176	1	0	1	0	1
16272173	16272444	1	0	1	0	1
16272584	16272885	0	0	1	0	1
16272882	16273080	0	0	1	0	1
16273077	16273968	0	0	1	0	1
16273965	16274540	0	0	1	0	1
16274658	16274758	0	0	1	0	1
16274755	16275063	0	0	1	0	1
16275307	16275399	0	0	1	0	1
16275396	16275684	0	0	1	0	1
16275681	16276058	0	0	1	0	1
16276055	16276269	0	0	1	0	1
16276516	16276576	0	0	1	0	1
16276573	16276966	0	0	1	0	1
16277029	16277609	0	0	1	0	0
16277606	16277783	0	0	1	0	0
16278036	16278853	0	0	1	0	0
16278850	16279425	0	0	1	0	0
16279422	16280338	0	0	1	0	0
16280335	16281034	0	0	1	0	0
16281224	16281446	0	0	1	0	0
16281590	16281744	0	0	1	0	0
16281933	16282124	0	0	1	0	0
16282198	16282642	0	0	1	0	0
16282818	16283450	0	0	1	0	0
16283679	16283763	0	0	1	0	0
16284024	16284280	0	0	1	0	0
16284277	16284684	0	0	1	0	0
16284923	16285087	0	0	1	0	0
16285084	16286294	0	0	1	0	0
16286291	16286511	0	0	1	0	0
16286508	16286740	1	0	1	0	0
16286737	16287629	1	0	1	0	0
16287626	16288281	1	0	1	0	1
16288528	16288775	1	0	1	0	1
16288772	16288884	1	0	1	0	1
16288881	16289197	1	0	1	0	1
16289266	16289458	1	0	1	0	1
16289532	16290319	1	0	1	0	1
16290316	16290477	1	0	1	0	1
16290474	16290756	1	0	1	0	1
16290904	16291216	1	0	1	0	1
16291213	16291369	1	0	1	0	1
16291366	16291549	1	0	1	0	1
16291857	16291935	1	0	1	0	1
16291932	16292299	1	0	1	0	1
16292344	16292468	0	0	1	0	1
16292517	16293073	0	0	1	0	1
16293204	16293397	0	0	1	0	1
16293625	16293893	0	0	1	0	1
16293928	16294031	0	0	1	0	1
16294148	16294444	0	0	1	0	1
16294445	16294583	0	0	1	0	1
16294826	16294892	0	0	1	0	1
16295112	16295189	0	0	1	0	1
16295186	16295597	0	0	1	0	1
16295594	16295792	0	0	1	1	1
16295789	16296197	0	0	1	1	1
16296221	16296522	0	0	1	1	1
16296519	16296730	0	0	1	1	1
16296923	16296995	0	0	0	1	1
16297199	16297268	0	0	0	1	1
16297484	16298383	0	1	0	0	0
16298380	16298672	0	1	0	0	0
16298669	16299219	0	1	0	0	0
16299216	16299521	0	1	0	0	0
16299618	16300177	0	1	0	0	0
16300174	16300500	0	1	0	0	0
16300497	16300783	0	1	0	0	0
16300780	16301083	0	1	0	0	0
16301080	16301355	0	1	0	0	0
16301352	16301488	0	1	0	0	0
16301485	16301750	0	1	0	0	0
16301747	16302265	0	1	0	0	0
16302321	16303055	0	1	0	0	0
16303192	16303563	0	0	0	0	0
16303560	16304418	0	0	1	0	0
16304449	16304468	0	0	1	0	1
16304708	16304766	0	0	1	0	1
16304966	16305077	0	0	1	0	1
16305236	16305520	1	0	1	0	1
16305517	16305713	1	0	1	0	1
16305846	16305957	1	0	1	0	1
16306087	16306471	1	0	1	0	1
16306518	16306851	1	0	1	0	1
16306848	16307085	1	0	1	0	1
16307090	16307258	1	0	1	0	1
16307321	16307808	1	0	1	0	0
16307805	16308189	1	1	1	0	0
16308186	16308836	1	1	1	0	0
16308893	16309099	0	1	1	0	0
16309096	16309417	0	1	1	0	0
16309487	16309701	0	1	1	0	0
16309769	16309843	0	1	1	0	0
16310023	16310313	0	0	1	0	1
16310373	16310506	0	0	1	0	1
16310503	16310785	0	0	1	0	1
16310960	16311670	0	0	1	0	1
16311713	16311995	0	0	1	0	1
16312138	16312276	0	0	1	0	1
16312512	16312723	0	0	1	0	1
16312756	16312939	0	0	1	0	1
16313123	16313458	0	0	1	0	0
16313455	16314256	0	0	1	0	0
16314253	16315367	0	0	1	0	0
16315364	16315640	0	0	1	0	0
16315637	16316676	0	0	1	0	0
16316673	16317036	0	1	1	0	0
16317033	16317594	0	1	1	0	0
16317636	16317891	0	1	1	0	0
16317888	16318407	0	1	1	0	0
16318404	16320258	0	1	1	0	0
16320255	16320638	0	1	1	0	0
16320635	16320859	0	1	1	0	0
16320856	16321880	0	1	1	0	0
16322064	16323108	0	0	1	0	0
16323285	16323524	0	0	1	0	0
16323521	16323964	0	0	1	0	0
16323961	16324476	0	0	1	0	0
16324518	16324747	0	0	1	0	0
16324744	16325716	0	0	1	0	0
16325713	16325997	0	0	1	0	0
16325994	16326099	0	0	1	0	0
16326111	16326337	0	0	1	0	0
16326578	16327587	0	0	1	0	0
16327668	16327971	0	0	1	0	0
16328002	16328416	0	0	1	0	0
16328413	16328632	0	0	1	0	0
16328629	16328857	0	0	1	0	0
16328960	16329081	0	0	1	0	0
16329078	16329514	0	0	1	0	0
16329628	16329823	0	0	1	0	0
16329820	16330099	0	0	1	0	0
16330123	16330381	0	0	1	0	0
16330384	16330564	0	1	1	0	0
16330591	16330851	0	1	1	0	0
16330848	16332160	0	1	1	0	0
16332157	16332787	0	1	1	0	0
16332784	16333063	0	1	1	0	0
16333225	16333307	0	1	1	0	0
16333304	16333586	0	1	1	0	0
16333619	16333984	0	1	1	0	0
16333986	16334164	0	1	1	0	0
16334307	16334677	0	1	1	0	0
16334674	16334813	0	1	1	0	0
16334810	16335757	0	1	1	0	0
16335914	16336186	0	1	1	0	0
16336183	16336278	0	1	1	0	0
16336275	16336721	0	1	1	0	0
16336812	16337120	0	1	1	0	0
16337117	16337545	0	1	1	0	0
16337542	16337891	0	0	1	0	0
16337986	16338143	0	0	1	0	0
16338276	16338623	0	0	1	0	0
16338620	16338663	0	0	1	0	0
16338660	16339640	0	0	1	0	0
16339804	16340349	0	0	1	0	0
16340346	16340444	0	0	1	0	0
16340663	16340781	0	0	1	0	0
16340868	16341183	0	0	1	0	0
16341180	16341693	0	0	1	0	0
16341832	16341969	0	0	1	0	0
16342206	16342850	0	0	1	0	0
16342847	16343763	0	0	1	0	0
16344009	16344073	0	0	1	0	0
16344208	16344878	0	0	1	0	0
16344875	16345046	0	0	1	0	0
16345043	16345310	0	0	1	0	0
16345545	16345912	0	0	1	0	0
16346040	16347042	0	1	1	0	0
16347039	16347388	0	1	1	0	0
16347385	16348030	0	1	1	0	0
16348032	16348299	0	1	1	0	0
16348543	16350132	0	1	0	0	0
16350129	16350431	0	0	0	0	0
16350428	16352127	1	0	0	0	0
16352124	16353833	1	0	0	0	1
16353830	16354129	1	0	0	0	1
16354126	16354301	1	0	0	0	1
16354399	16355144	1	0	0	0	1
16355141	16355553	1	0	0	0	1
16355550	16355734	1	0	0	0	1
16355871	16356236	1	0	0	0	1
16356233	16356591	1	0	0	0	1
16356588	16357858	1	0	0	0	1
16357855	16358153	0	0	0	0	1
16358150	16358171	0	0	0	0	1
16358168	16358451	0	0	0	0	1
16358562	16358765	0	0	0	0	1
16358990	16359077	0	0	0	0	1
16359266	16359401	0	0	0	0	1
16359465	16359726	0	0	0	0	1
16359723	16360345	0	0	0	0	1
16360342	16360543	0	0	0	0	1
16360540	16360899	0	0	0	0	1
16360896	16361672	0	0	0	0	1
16361669	16361909	0	0	0	0	1
16361906	16362070	0	0	0	0	1
16362067	16362581	0	0	0	0	1
16362601	16362714	0	0	0	0	1
16363499	16363710	0	0	0	0	1
16363707	16364356	0	0	0	0	1
16364353	16365114	0	0	0	0	1
16365111	16365418	0	0	0	0	1
16365545	16365753	0	0	0	0	1
16365870	16366167	1	0	0	0	1
16366164	16366820	1	0	0	0	1
16366817	16367212	1	0	0	0	1
16367209	16367689	1	0	0	0	1
16367712	16367790	1	0	0	0	1
16368026	16368172	1	0	0	0	1
16368169	16368572	1	0	0	0	1
16368636	16368690	1	0	0	0	1
16368687	16369031	1	0	0	0	1
16369043	16369456	0	0	0	0	1
16369453	16369833	0	0	0	0	1
16369842	16370589	0	0	0	0	1
16370968	16371195	0	0	0	0	1
16371192	16372376	0	0	0	0	1
16372373	16372570	0	0	0	0	1
16372814	16373376	0	0	0	0	1
16373373	16374236	0	0	0	0	1
16374233	16374329	0	0	0	0	1
16374909	16375334	0	0	0	0	1
16375331	16375840	0	0	0	0	1
16376039	16376194	0	0	0	0	1
16376315	16376470	0	0	0	0	1
16376467	16376794	0	0	0	0	1
16376791	16377825	0	0	0	0	1
16377852	16377944	1	0	0	1	1
16378192	16378425	1	0	0	1	1
16378422	16378547	1	0	0	1	1
16378659	16379109	1	0	0	1	1
16379106	16379498	1	0	0	1	1
16379714	16379840	1	0	0	1	1
16379927	16380229	1	0	0	1	1
16380226	16380396	1	0	0	1	1
16380630	16380838	1	0	0	1	1
16380865	16380939	1	0	0	1	1
16380936	16381305	1	0	0	1	1
16381442	16381901	1	0	0	1	1
16382136	16382190	1	0	0	1	1
16382355	16382961	1	0	0	1	1
16382970	16383686	1	0	0	1	1
16383834	16384530	1	0	0	1	1
16384527	16384795	1	0	0	1	1
16384792	16386164	1	0	0	1	1
16386161	16386379	1	0	0	1	1
16386486	16386798	1	0	0	1	1
16392048	16392492	1	0	0	1	1
16392627	16392884	1	0	0	0	1
16392881	16393283	1	0	0	0	1
16393696	16394109	1	0	0	0	1
16394106	16394170	1	0	0	0	1
16394402	16394559	1	0	0	0	1
16394556	16395162	1	0	0	0	1
16395238	16395417	1	0	0	0	1
16395470	16396097	1	0	0	0	1
16396094	16396584	1	0	0	0	1
16396601	16397261	1	0	0	0	1
16397324	16397566	1	0	0	0	1
16397584	16398505	1	0	0	0	1
16398596	16398769	0	0	0	0	1
16398766	16399719	0	0	0	0	1
16399716	16399867	0	0	0	0	1
16399885	16400174	0	0	0	0	1
16400306	16400492	0	0	0	0	1
16400489	16400956	0	0	0	0	1
16400953	16401296	0	0	0	0	1
16401306	16404789	0	0	0	0	1
16404786	16406347	0	0	0	0	1
16406399	16406436	0	0	0	0	1
16406739	16406896	0	0	0	0	1
16406920	16407099	0	0	0	0	1
16407096	16407884	0	0	0	0	1
16407881	16408041	1	0	0	0	1
16408215	16408967	1	0	0	0	1
16408964	16410138	1	0	0	0	1
16410226	16410768	1	0	0	0	1
16410765	16411285	1	0	0	0	1
16411294	16411955	1	0	0	0	1
16412057	16412150	1	0	0	0	1
16412147	16412500	1	0	0	0	1
16412497	16413080	1	0	0	0	1
16413077	16413483	1	0	0	0	1
16413480	16413665	1	0	0	0	1
16413698	16415015	1	0	0	0	1
16415012	16415435	1	0	0	0	1
16415439	16415453	1	0	0	0	1
16415482	16416294	1	0	1	0	1
16416291	16416759	1	0	1	0	1
16416822	16416952	0	0	1	0	1
16417245	16417281	0	0	1	0	1
16417836	16417892	0	0	1	0	1
16418400	16418514	0	0	1	0	1
16418511	16418936	0	0	1	0	1
16418933	16419074	0	0	0	0	1
16419099	16421127	0	0	0	0	1
16421124	16423273	0	0	0	0	1
16423270	16423753	0	0	0	0	1
16423793	16424723	0	0	0	0	1
16424720	16425509	0	0	0	0	1
16425506	16426409	0	0	0	0	1
16426406	16427288	0	0	0	0	1
16427285	16428283	0	0	0	0	1
16428306	16429774	0	0	0	0	1
16429771	16430028	0	0	0	0	1
16430025	16430181	0	0	0	0	1
16430178	16430986	0	0	0	0	1
16430983	16431557	0	0	0	0	1
16431554	16431693	0	0	0	0	1
16431690	16432586	0	0	0	0	1
16432583	16433371	0	0	0	0	1
16433416	16433501	0	0	0	0	1
16433648	16434071	0	0	0	0	1
16434068	16434526	0	0	0	0	1
16434571	16434691	0	0	0	0	1
16434886	16435422	0	0	0	0	1
16435551	16435629	0	0	0	0	1
16435670	16436438	0	0	0	0	1
16436435	16436605	0	0	0	0	1
16436718	16436734	0	0	0	0	1
16436731	16437028	0	0	0	0	1
16437297	16437371	0	0	0	0	1
16437574	16437676	0	0	1	0	1
16437800	16437990	0	0	1	0	1
16438160	16438322	0	0	1	0	1
16438348	16439212	0	0	1	0	1
16439398	16439455	0	0	1	0	1
16439591	16439990	1	0	1	0	1
16439987	16440221	1	0	1	0	1
16440281	16440486	1	0	1	0	1
16440483	16441882	0	0	1	0	0
16442346	16442624	0	0	1	0	0
16442621	16443287	0	0	1	0	0
16443284	16443361	0	0	1	0	0
16443562	16443715	0	0	1	0	0
16443712	16443948	0	0	1	0	0
16444139	16444357	0	0	1	0	0
16444495	16445727	0	0	1	0	0
16446037	16446368	0	0	1	0	0
16446365	16447448	0	0	1	0	0
16447445	16448063	0	0	0	0	0
16448060	16448532	0	0	0	0	0
16448529	16449819	0	0	0	0	0
16449816	16449973	0	0	0	0	0
16450529	16450562	0	0	0	0	0
16450559	16451491	0	0	1	0	0
16451488	16451781	0	0	1	0	0
16452879	16453009	0	0	1	0	0
16453006	16453373	0	0	1	0	0
16453370	16457069	1	0	0	0	0
16457066	16458976	1	0	0	0	0
16458989	16459978	1	0	0	0	0
16460003	16460207	1	0	0	0	0
16461605	16461677	1	0	0	0	1
16461915	16462075	1	0	0	0	1
16462172	16464672	1	0	0	0	1
16464669	16465155	1	0	0	0	1
16465152	16465827	1	0	0	0	1
16465824	16465853	1	0	0	0	1
16465850	16466771	1	0	0	0	1
16466885	16467611	1	0	0	0	1
16467608	16468134	1	0	0	0	1
16468131	16469203	1	0	0	0	1
16469200	16470547	1	0	0	0	1
16470603	16472496	1	0	0	0	1
16472493	16474315	0	0	0	0	1
16474312	16474827	0	0	0	0	1
16474824	16478654	0	0	0	0	0
16478651	16479367	0	0	0	0	0
16479582	16481714	0	0	0	0	0
16481711	16482009	0	0	0	0	0
16482006	16482123	0	0	0	0	0
16482302	16483112	0	0	1	0	0
16483109	16483547	0	0	1	0	0
16483813	16484014	0	0	1	0	0
16484088	16484193	0	0	1	0	0
16484412	16484521	0	0	1	0	0
16484670	16485062	0	0	1	0	0
16485237	16485538	0	0	1	0	0
16485535	16485709	0	0	1	0	0
16485879	16486119	0	0	1	0	0
16486116	16486252	0	0	1	0	0
16486455	16486765	0	0	1	0	0
16486777	16487010	0	0	1	0	0
16487007	16487334	0	0	1	0	0
16487331	16487857	0	0	1	0	0
16487854	16488130	0	0	1	0	0
16488251	16488476	0	0	1	0	0
16488473	16488655	0	0	1	0	0
16488846	16489347	0	0	1	0	0
16489344	16489702	0	0	1	0	0
16489699	16490690	0	0	1	0	0
16490687	16491021	0	0	1	0	0
16491018	16491285	0	0	1	0	0
16491282	16491387	0	0	1	0	0
16491615	16491645	0	0	1	0	0
16491649	16491984	0	0	1	0	0
16492217	16493810	0	0	1	0	0
16493807	16494635	0	0	1	0	0
16494632	16494936	1	0	1	0	0
16495218	16495536	1	0	1	0	0
16495533	16496354	1	0	1	0	0
16496351	16496795	1	0	1	0	0
16496792	16497104	1	0	1	0	1
16497245	16497366	1	0	1	0	1
16497363	16497678	1	0	1	0	1
16497835	16498024	1	0	1	0	1
16498090	16498974	1	0	1	0	1
16498971	16499509	1	0	1	0	1
16499506	16500077	1	0	1	0	1
16500343	16500867	1	0	1	0	1
16500864	16501868	1	0	1	0	0
16502498	16503351	0	0	1	0	0
16503348	16504068	0	0	1	0	0
16504065	16504394	0	0	1	0	0
16504391	16505005	0	0	1	0	0
16505002	16505257	0	0	1	0	0
16505435	16505646	0	0	1	0	0
16505643	16505867	0	0	1	0	0
16506311	16506496	0	0	1	0	0
16506493	16507394	0	0	1	0	1
16507391	16507937	0	0	1	0	1
16508115	16509381	0	0	1	0	1
16509517	16510163	0	0	0	0	1
16510160	16510685	0	0	0	0	1
16510682	16510926	0	0	0	0	1
16511041	16511237	0	0	0	0	1
16511234	16512463	0	0	0	0	1
16512644	16512983	0	0	0	0	1
16512980	16513499	0	0	0	0	1
16513496	16513653	0	0	0	0	1
16513789	16514033	0	0	0	0	1
16514030	16514610	0	0	0	0	1
16514631	16514743	0	0	0	0	1
16514871	16515289	0	0	0	0	1
16515353	16515595	0	0	0	0	1
16515598	16516446	0	0	0	0	1
16516443	16516704	0	0	0	0	1
16516716	16517051	0	0	0	0	1
16517048	16517238	0	0	0	0	1
16517359	16517452	0	0	1	0	1
16517717	16517938	0	0	1	0	1
16517935	16518090	0	0	1	0	1
16518109	16518365	0	0	1	0	1
16518454	16519109	1	0	1	0	1
16519106	16520141	1	0	1	0	1
16520138	16520169	1	0	1	0	1
16520183	16520479	1	0	1	0	1
16520754	16521646	1	0	1	0	1
16521722	16522070	1	0	1	0	1
16522226	16522297	1	0	1	0	1
16522406	16522626	1	0	1	0	1
16522834	16523033	1	0	1	0	1
16523102	16523157	1	0	1	0	1
16523240	16523492	1	0	1	0	1
16523545	16524092	1	0	1	0	1
16524158	16524630	1	0	1	0	1
16524799	16524931	1	0	1	0	1
16525003	16525432	1	0	1	0	1
16525469	16525609	1	0	1	0	1
16525606	16526297	1	0	1	0	1
16526294	16526505	1	0	1	0	1
16526712	16526918	1	0	1	0	1
16526915	16527423	1	0	1	0	1
16527533	16529166	0	0	1	0	0
16529163	16530829	0	0	1	0	0
16530844	16531338	0	0	1	0	0
16531335	16532515	0	0	1	0	0
16532598	16532758	0	0	1	0	0
16532778	16533553	0	0	1	0	0
16533550	16533995	0	0	1	0	0
16534200	16534693	1	0	0	0	0
16534690	16534903	1	0	0	0	0
16534993	16535491	0	0	0	0	0
16535488	16535878	0	0	0	0	0
16536016	16536035	0	0	0	0	0
16536299	16536394	0	0	0	0	0
16536391	16536976	0	0	0	0	0
16537219	16537297	0	0	0	0	1
16537294	16537831	0	0	0	0	1
16537828	16538554	0	0	0	0	1
16538551	16539076	0	0	0	0	1
16539150	16539579	0	0	0	0	1
16539576	16540210	0	0	0	0	1
16540207	16541507	1	0	0	0	1
16541616	16542510	1	0	0	0	1
16542507	16542938	1	0	0	0	1
16542935	16542966	1	0	0	0	1
16542963	16543368	1	0	0	0	1
16543502	16545662	1	0	0	0	0
16545737	16545965	1	0	1	0	0
16546058	16546287	0	0	1	0	0
16546514	16546546	0	0	1	0	0
16546769	16546961	0	0	1	0	0
16547105	16547179	0	0	1	0	0
16547176	16547703	0	0	1	0	0
16547700	16547759	0	0	1	0	0
16547982	16548067	0	0	1	0	0
16548262	16548442	0	0	1	0	0
16548477	16549827	0	0	1	0	0
16549824	16550328	0	0	1	0	0
16550325	16550590	0	0	1	0	0
16550631	16550935	0	0	1	0	0
16551015	16551180	0	0	1	0	1
16551177	16551649	0	0	1	0	1
16551771	16552051	0	0	1	0	1
16552064	16552391	0	0	1	0	1
16552448	16552901	0	0	1	0	1
16553065	16553245	0	0	1	0	1
16553373	16553498	0	0	1	0	1
16553612	16553855	0	0	1	0	1
16554053	16554091	0	0	1	0	1
16554198	16554604	0	0	1	0	1
16554601	16555150	0	0	1	0	1
16555147	16555438	0	0	1	0	1
16555435	16555848	0	0	1	0	1
16556119	16556804	0	0	1	0	1
16556801	16557318	0	0	1	0	1
16557315	16557425	0	0	1	0	1
16557422	16557743	0	0	1	0	1
16557800	16558221	0	0	1	0	1
16558218	16558262	0	0	1	0	1
16558500	16558551	0	0	1	0	1
16558800	16558941	0	0	1	0	1
16559110	16559168	0	0	1	0	1
16559424	16560386	0	0	1	0	1
16560383	16560719	0	0	1	0	1
16560912	16561089	0	0	1	0	1
16561113	16561326	0	0	1	0	1
16561323	16561599	0	0	1	0	1
16561769	16562510	0	0	1	0	1
16562519	16562735	0	0	1	0	1
16562732	16563115	0	0	1	0	1
16563196	16563921	0	0	1	0	1
16563918	16563939	0	0	1	0	1
16563936	16564297	0	0	1	0	1
16564428	16564627	0	0	0	0	1
16564624	16565962	0	0	0	0	0
16565959	16567244	0	0	0	0	0
16567241	16567706	0	0	0	0	0
16567751	16567846	0	0	0	0	0
16568014	16568217	0	0	0	0	0
16568304	16568582	0	0	0	0	0
16568579	16568897	0	0	0	0	0
16568894	16569498	0	1	0	0	0
16569505	16570001	0	1	0	0	0
16569998	16570263	0	1	0	0	0
16570260	16570809	0	1	0	0	0
16570910	16571777	0	0	0	0	0
16571985	16572178	0	0	0	0	1
16572175	16572462	0	0	0	0	1
16572459	16572837	0	0	1	0	1
16572834	16573029	0	0	1	0	1
16573026	16573332	0	0	1	0	1
16573449	16573773	0	0	1	0	1
16573770	16574282	0	0	1	0	1
16574287	16574539	0	0	1	0	1
16574536	16574953	0	0	1	0	1
16574961	16575115	0	0	1	0	1
16575272	16575359	0	0	1	0	1
16575516	16575779	0	0	1	0	1
16575776	16575990	0	0	1	0	1
16576027	16576345	0	0	1	0	1
16576342	16576616	0	0	0	0	1
16576621	16577068	0	0	0	0	1
16577101	16577191	0	0	0	0	1
16577188	16578531	0	0	0	0	1
16578528	16578696	0	0	0	0	1
16578831	16579196	0	0	0	0	1
16579193	16579621	0	0	0	0	1
16579618	16579880	0	0	0	0	1
16579877	16580338	0	0	0	0	1
16580335	16580638	0	0	0	0	1
16580657	16580779	0	0	0	0	1
16580776	16581946	0	0	0	0	1
16581943	16582790	0	0	0	0	1
16582787	16583518	0	0	0	0	1
16583521	16583847	0	0	0	0	1
16583912	16584177	0	0	0	0	1
16584174	16584781	0	0	0	0	1
16584778	16585114	0	0	0	0	1
16585111	16585234	0	0	0	0	1
16585406	16586574	0	0	0	0	1
16586571	16586934	0	0	0	0	1
16586931	16587386	0	0	0	0	1
16587441	16587753	0	0	0	0	1
16587750	16589201	0	0	0	0	0
16589198	16589587	0	0	0	0	0
16589584	16590703	0	0	0	0	0
16590700	16591710	0	0	0	0	1
16591707	16592144	0	0	0	0	1
16592141	16592308	0	0	0	0	1
16592312	16592502	0	0	0	0	1
16592509	16592979	0	0	0	0	1
16592997	16593385	0	0	0	0	1
16593382	16593637	0	0	0	0	1
16593696	16594046	0	0	0	0	1
16594043	16594531	0	0	0	0	1
16594542	16594810	0	0	0	0	1
16594807	16594917	0	0	0	0	1
16595114	16595175	0	0	0	0	1
16595316	16595898	0	0	0	0	1
16595895	16596568	0	0	0	0	1
16596621	16597010	0	0	0	0	1
16597215	16597384	0	0	0	0	1
16597457	16597845	0	0	0	0	1
16597842	16597889	0	0	0	0	1
16598108	16598285	0	0	0	0	1
16598297	16598729	0	0	0	0	1
16598994	16600049	0	0	0	0	1
