[
	{
		"metadata" : {
			"version" : 1.0,
			"type" : "storyboard",
			"generator" : "TADkit"
		},
		"object" : {
			"uuid" : "645644ee-c7f5-11e4-8731-1681e6b88ec1",
			"id" : "default",
			"title" : "Default Storyboard"
		},
		"settings" : [
			{
				"background" : "#ffffff",
				"margin" : "4px",
				"padding" : "20px"
			}
		],
		"components" : [
			{
				"metadata" : {
					"version" : 1.0,
					"type" : "component",
					"generator" : "TADkit"
				},
				"object" : {
					"uuid" : "00000000-0000-0000-0000-000000000000",
					"id" : "default-scene",
					"title" : "Chromatin",
					"type" : "scene",
					"dataset" : "default",
					"state" : {
						"width" : "800px",
						"height" : 	"400px",
						"margin" : "4px",
						"position" : 0
					}
				},
				"view" : {
					"viewpoint" : {
						"chromStart" : 1,
						"chromEnd" : 999999,
						"scale" : 1,
						"camera" : [ 5000, 5000, 5000 ],
						"target" : [ 0, 0, 0 ],
						"fov" : 28,
						"near" : 1,
						"far" : 1000000,
						"translate" : 30000,
						"fog" : true,
						"fogNear" : 0.75,
						"fogFar" : 1.5		
					},
					"controls" : {
						"autoRotate" : false,
						"autoRotateSpeed" : 4
					},
					"viewtype" : "cylinderSegments",
					"settings" : {
						"background" : "#ffffff",
						"margin" : "4px",
						"padding" : {"top": "20px", "right": "40px", "bottom": "20px", "left": "40px"},
						"lighting": {
							"ambient" : "#111111",
							"color" : "#ffffff",
							"intensity" : 0.2
						},
						"axis" : {
							"size" : 100,
							"visible" : true
							},
						"particles" : {
							"color" : "#ffffff",
							"size" : 500,
							"opacity" : 0.8,
							"map" : "particle",
							"depthTest": true,
							"alphaTest": 0.5,
							"transparent": true,
							"visible" : false
						},
						"chromatin" : {
							"color" : "#cccccc",
							"particleSegments" : 20,
							"curveSegments" : 1,
							"radius" : 200,
							"radiusSegments" : 16,
							"endcap" : false,
							"pathClosed" : false,
							"visible" : true
						},
						"network" : {
							"transparent": false,
							"visible" : false
						},
						"occupancy" :  {
							"visible" : false
						},
						"segments" : 10
					}
				}
			},
			{
				"metadata" : {
					"version" : 1.0,
					"type" : "component",
					"generator" : "TADkit"
				},
				"object" : {
					"uuid" : "00000000-0000-0000-0000-000000000001",
					"id" : "e-default-panel",
					"title" : "Inspector",
					"type" : "panel-inspector",
					"dataset" : "genes",
					"state" : {
						"width" : "200px",
						"height" : "300px",
						"margin" : "4px",
						"position" : 1
					}
				},
				"view" : {
					"viewpoint" : {
						"chromStart" : 1,
						"chromEnd" : 10,
						"scale" : 1
					},
					"viewtype" : "list",
					"settings" : {
						"background" : "#ffffff",
						"margin" : "4px",
						"padding" : {"top": "5px", "right": "100px", "bottom": "5px", "left": "100px"},
						"example" : 1
					}
				}
			},
			{
				"metadata" : {
					"version" : 1.0,
					"type" : "component",
					"generator" : "TADkit"
				},
				"object" : {
					"uuid" : "00000000-0000-0000-0000-000000000002",
					"id" : "f-slider",
					"title" : "Navigation",
					"type" : "track-slider",
					"dataset" : "gradient",
					"state" : {
						"width" : "100%",
						"height" : "auto",
						"margin" : "0px",
						"position" : 2
					}
				},
				"view" : {
					"viewpoint" : {
						"chromStart" : 1,
						"chromEnd" : 999999,
						"scale" : 1
					},
					"viewtype" : "linear",
					"settings" : {
						"background" : "#ffffff",
						"heightInner" : "40px",
						"margin" : "0px",
						"padding" : {"top": "10px", "right": "100px", "bottom": "10px", "left": "100px"},
						"cursorWidth" : 1
					}
				}
			},
			{
				"metadata" : {
					"version" : 1.0,
					"type" : "component",
					"generator" : "TADkit"
				},
				"object" : {
					"uuid" : "00000000-0000-0000-0000-000000000004",
					"id" : "g-genes-track",
					"title" : "Genes",
					"type" : "track-genes",
					"dataset" : "genes",
					"state" : {
						"width" : "100%",
						"height" : "auto",
						"margin" : "0px",
						"position" : 3
					}
				},
				"view" : {
					"viewpoint" : {
						"chromStart" : 1,
						"chromEnd" : 999999,
						"scale" : 1
					},
					"viewtype" : "linear",
					"settings" : {
						"background" : "#ffffff",
						"heightInner" : "40px",
						"margin" : "0px",
						"padding" : {"top": "10px", "right": "100px", "bottom": "10px", "left": "100px"},
						"cursorWidth" : 1,
						"sense" : true
					}
				}
			},
			{
				"metadata" : {
					"version" : 1.0,
					"type" : "component",
					"generator" : "TADkit"
				},
				"object" : {
					"uuid" : "00000000-0000-0000-0000-000000000005",
					"id" : "h-proximities-track",
					"title" : "Proximity",
					"type" : "track-proximities",
					"dataset" : "distances",
					"state" : {
						"width" : "100%",
						"height" : "auto",
						"margin" : "0px",
						"position" : 4
					}
				},
				"view" : {
					"viewpoint" : {
						"chromStart" : 1,
						"chromEnd" : 999999,
						"scale" : 1
					},
					"viewtype" : "linear",
					"settings" : {
						"background" : "#ffffff",
						"heightInner" : "40px",
						"margin" : "0px",
						"padding" : {"top": "10px", "right": "100px", "bottom": "10px", "left": "100px"},
						"color" : "#0000ff",
						"cursorWidth" : 1
					}
				}
			},
			{
				"metadata" : {
					"version" : 1.0,
					"type" : "component",
					"generator" : "TADkit"
				},
				"object" : {
					"uuid" : "00000000-0000-0000-0000-000000000006",
					"id" : "h-restraints-track",
					"title" : "Restraints",
					"type" : "track-restraints",
					"dataset" : "restraints",
					"state" : {
						"width" : "100%",
						"height" : "auto",
						"margin" : "0px",
						"position" : 5
					}
				},
				"view" : {
					"viewpoint" : {
						"chromStart" : 1,
						"chromEnd" : 999999,
						"scale" : 1
					},
					"viewtype" : "linear",
					"settings" : {
						"background" : "#ffffff",
						"heightInner" : "80px",
						"margin" : "0px",
						"padding" : {"top": "10px", "right": "100px", "bottom": "10px", "left": "100px"},
						"color" : "#0000ff",
						"nodeSize" : 5,
						"cursorWidth" : 1
					}
				}
			}
		]
	}
]