{
  "division": "EnsemblBacteria",
  "taxon_id": "272634",
  "name": "mycoplasma_pneumoniae_m129",
  "release": 0,
  "display_name": "Mycoplasma pneumoniae M129",
  "accession": "GCA_000027345.1",
  "common_name": null,
  "aliases": [
    "mycoplasma pneumoniae strain m129",
    "mycoplasma pneumoniae m129 str. m129; atcc 29342",
    "mycoplasma pneumoniae atcc 29342",
    "mycoplasma pneumoniae str. m129",
    "mycoplasma pneumoniae m129"
  ],
  "groups": [
    "core"
  ],
  "assembly": "GCA_000027345.1"
}