[
	{
		"metadata" : {
			"version" : 1.0,
			"type" : "component",
			"generator" : "TADkit"
		},
		"object" : {
			"uuid" : "00000000-0000-0000-0000-000000000000",
			"id" : "default-scene",
			"title" : "Chromatin",
			"type" : "scene",
			"dataset" : "default",
			"state" : {
				"width" : "400px",
				"height" : 	"300px",
				"margin" : "4px",
				"padding" : {"top": "20px", "right": "40px", "bottom": "20px", "left": "40px"},
				"position" : 0
			}
		},
		"view" : {
			"viewpoint" : {
				"startCoord" : 0,
				"endCoord" : 4999999,
				"scale" : 1,
				"camera" : [ 5000, 5000, 5000 ],
				"target" : [ 0, 0, 0 ],
				"fov" : 28,
				"near" : 1,
				"far" : 1000000,
				"translate" : 30000,
				"fog" : true,
				"fogNear" : 0.8,
				"fogFar" : 1.2
			},
			"controls" : {
				"autoRotate" : true,
				"autoRotateSpeed" : 2.0
			},
			"viewtype" : "cylinderSegments",
			"settings" : {
				"axis" : {
					"size" : 1000,
					"visible" : true
					},
				"particles" : {
					"color" : "#0000ff",
					"size" : 350,
					"opacity" : 0.8,
					"map" : null,
					"depthTest": true,
					"alphaTest": 0.5,
					"transparent": true,
					"visible" : false
				},
				"chromatin" : {
					"particleSegments" : 5,
					"curveSegments" : 1,
					"radius" : 15,
					"radiusSegments" : 16,
					"endcap" : false,
					"pathClosed" : false,
					"visible" : true
				},
				"occupancy" :  {
					"visible" : false
				},
				"segments" : 10
			}
		}
	},
	{
		"metadata" : {
			"version" : 1.0,
			"type" : "component",
			"generator" : "TADkit"
		},
		"object" : {
			"uuid" : "00000000-0000-0000-0000-000000000000",
			"id" : "datasets-scene-icon",
			"title" : "Datasets",
			"type" : "scene-icon",
			"dataset" : "default",
			"state" : {
				"width" : "150px",
				"height" : 	"150px",
				"heightInner" : "40px",
				"margin" : "4px",
				"padding" : {"top": "5px", "right": "5px", "bottom": "5px", "left": "5px"},
				"position" : 0
			}
		},
		"view" : {
			"viewpoint" : {
				"startCoord" : 0,
				"endCoord" : 4999999,
				"scale" : 1,
				"camera" : [ 5000, 5000, 5000 ],
				"target" : [ 0, 0, 0 ],
				"fov" : 28,
				"near" : 1,
				"far" : 1000000,
				"translate" : 30000,
				"fog" : true,
				"fogNear" : 0.8,
				"fogFar" : 1.25
			},
			"controls" : {
				"autoRotate" : true,
				"autoRotateSpeed" : 2.0
			},
			"viewtype" : "line",
			"settings" : {
				"particles" : {
					"color" : "#ff0000",
					"size" : 100,
					"opacity" : 1.0,
					"map" : "assets/img/sphere-glossy.png",
					"depthTest": true,
					"alphaTest": 0.5,
					"transparent": false,
					"visible" : true
				},
				"cluster" : {
					"color" : "0x000000",
					"linewidth" : 1,
					"transparent" : true,
					"modelOpacity" : 0.1,
					"centroidOpacity" : 0.8,
					"fog" : true,
					"visible" : true
				},
				"occupancy" :  {
					"visible" : false
				},
				"segments" : 10
			}
		}
	},
	{
		"metadata" : {
			"version" : 1.0,
			"type" : "component",
			"generator" : "TADkit"
		},
		"object" : {
			"uuid" : "00000000-0000-0000-0000-000000000000",
			"id" : "default-panel",
			"title" : "Inspector",
			"type" : "panel-inspector",
			"dataset" : "default",
			"state" : {
				"width" : "400px",
				"height" : "300px",
				"heightInner" : "40px",
				"margin" : "4px",
				"padding" : {"top": "5px", "right": "100px", "bottom": "5px", "left": "100px"},
				"position" : 1
			}
		},
		"view" : {
			"viewpoint" : {
				"startCoord" : 1,
				"endCoord" : 10,
				"scale" : 1
			},
			"viewtype" : "list",
			"settings" : {
				"example" : 1
			}
		}
	},
	{
		"metadata" : {
			"version" : 1.0,
			"type" : "component",
			"generator" : "TADkit"
		},
		"object" : {
			"uuid" : "00000000-0000-0000-0000-000000000000",
			"id" : "slider",
			"title" : "Navigation",
			"type" : "track-slider",
			"dataset" : "default",
			"state" : {
				"width" : "100%",
				"height" : "auto",
				"heightInner" : "40px",
				"margin" : "4px",
				"padding" : {"top": "5px", "right": "100px", "bottom": "5px", "left": "100px"},
				"position" : 2
			}
		},
		"view" : {
			"viewpoint" : {
				"startCoord" : 4730996,
				"endCoord" : 5729937,
				"scale" : 1
			},
			"viewtype" : "linear",
			"settings" : {
				"sense" : true,
				"segments" : 1000
			}
		}
	},
	{
		"metadata" : {
			"version" : 1.0,
			"type" : "component",
			"generator" : "TADkit"
		},
		"object" : {
			"uuid" : "00000000-0000-0000-0000-000000000000",
			"id" : "genes-track",
			"title" : "Genes",
			"type" : "track-genes",
			"dataset" : "default",
			"state" : {
				"width" : "100%",
				"height" : "auto",
				"heightInner" : "40px",
				"margin" : "4px",
				"padding" : {"top": "10px", "right": "100px", "bottom": "10px", "left": "100px"},
				"position" : 3
			}
		},
		"view" : {
			"viewpoint" : {
				"startCoord" : 4730996,
				"endCoord" : 5729937,
				"scale" : 1
			},
			"viewtype" : "step-variable",
			"settings" : {
				"sense" : true,
				"segments" : 1000
			}
		}
	},
	{
		"metadata" : {
			"version" : 1.0,
			"type" : "component",
			"generator" : "TADkit"
		},
		"object" : {
			"uuid" : "00000000-0000-0000-0000-000000000000",
			"id" : "default-wiggle",
			"title" : "BigWig Track",
			"type" : "wiggle_0",
			"dataset" : "default",
			"state" : {
				"width" : "100%",
				"height" : "auto",
				"heightInner" : "20px",
				"margin" : "0px",
				"padding" : {"top": "0px", "right": "100px", "bottom": "0px", "left": "100px"},
				"position" : 3
			}
		},
		"view" : {
			"viewpoint" : {
				"startCoord" : 4730996,
				"endCoord" : 5729937,
				"scale" : 1
			},
			"viewtype" : "step-fixed",
			"settings" : {
				"sense" : false,
				"segments" : 1000
			}
		}
	}
]