[
	{
		"metadata" : {
			"version" : 1.0,
			"type" : "storyboard",
			"generator" : "TADkit"
		},
		"object" : {
			"uuid" : "645644ee-c7f5-11e4-8731-1681e6b88ec1",
			"id" : "default",
			"title" : "Default Storyboard"
		},
		"components" : [
			{
				"metadata" : {
					"version" : 1.0,
					"type" : "component",
					"generator" : "TADkit"
				},
				"object" : {
					"uuid" : "00000000-0000-0000-0000-000000000000",
					"id" : "default-scene",
					"title" : "Chromatin",
					"type" : "scene",
					"dataset" : "default",
					"state" : {
						"width" : "600px",
						"height" : 	"400px",
						"margin" : "4px",
						"padding" : {"top": "20px", "right": "40px", "bottom": "20px", "left": "40px"},
						"position" : 0
					}
				},
				"view" : {
					"viewpoint" : {
						"startCoord" : 0,
						"endCoord" : 4999999,
						"scale" : 1,
						"camera" : [ 5000, 5000, 5000 ],
						"target" : [ 0, 0, 0 ],
						"fov" : 28,
						"near" : 1,
						"far" : 1000000,
						"translate" : 30000,
						"fog" : true,
						"fogNear" : 0.8,
						"fogFar" : 1.25						
					},
					"controls" : {
						"autoRotate" : true,
						"autoRotateSpeed" : 2.0
					},
					"viewtype" : "cylinderSegments",
					"settings" : {
						"axis" : {
							"size" : 10,
							"visible" : true
							},
						"particles" : {
							"color" : "#ffffff",
							"size" : 500,
							"opacity" : 0.8,
							"map" : "assets/img/sphere-glossy.png",
							"depthTest": true,
							"alphaTest": 0.5,
							"transparent": true,
							"visible" : false
						},
						"chromatin" : {
							"particleSegments" : 20,
							"curveSegments" : 1,
							"radius" : 15,
							"radiusSegments" : 16,
							"endcap" : false,
							"pathClosed" : false,
							"visible" : true
						},
						"contacts" : {
							"transparent": true,
							"visible" : false
						},
						"occupancy" :  {
							"visible" : false
						},
						"segments" : 10
					}
				}
			},
			{
				"metadata" : {
					"version" : 1.0,
					"type" : "component",
					"generator" : "TADkit"
				},
				"object" : {
					"uuid" : "00000000-0000-0000-0000-000000000001",
					"id" : "e-default-panel",
					"title" : "Inspector",
					"type" : "panel-inspector",
					"dataset" : "genes",
					"state" : {
						"width" : "400px",
						"height" : "300px",
						"margin" : "4px",
						"padding" : {"top": "5px", "right": "100px", "bottom": "5px", "left": "100px"},
						"position" : 1
					}
				},
				"view" : {
					"viewpoint" : {
						"startCoord" : 1,
						"endCoord" : 10,
						"scale" : 1
					},
					"viewtype" : "list",
					"settings" : {
						"example" : 1
					}
				}
			},
			{
				"metadata" : {
					"version" : 1.0,
					"type" : "component",
					"generator" : "TADkit"
				},
				"object" : {
					"uuid" : "00000000-0000-0000-0000-000000000002",
					"id" : "f-slider",
					"title" : "Navigation",
					"type" : "track-slider",
					"dataset" : "gradient",
					"state" : {
						"width" : "100%",
						"height" : "auto",
						"heightInner" : "40px",
						"margin" : "4px",
						"padding" : {"top": "10px", "right": "100px", "bottom": "10px", "left": "100px"},
						"position" : 2
					}
				},
				"view" : {
					"viewpoint" : {
						"startCoord" : 0,
						"endCoord" : 4999999,
						"scale" : 1
					},
					"viewtype" : "linear",
					"settings" : {
						"sense" : true,
						"segments" : 1000
					}
				}
			},
			{
				"metadata" : {
					"version" : 1.0,
					"type" : "component",
					"generator" : "TADkit"
				},
				"object" : {
					"uuid" : "00000000-0000-0000-0000-000000000004",
					"id" : "g-genes-track",
					"title" : "Genes",
					"type" : "track-genes",
					"dataset" : "genes",
					"state" : {
						"width" : "100%",
						"height" : "auto",
						"heightInner" : "40px",
						"margin" : "4px",
						"padding" : {"top": "10px", "right": "100px", "bottom": "10px", "left": "100px"},
						"position" : 3
					}
				},
				"view" : {
					"viewpoint" : {
						"startCoord" : 0,
						"endCoord" : 4999999,
						"scale" : 1
					},
					"viewtype" : "linear",
					"settings" : {
						"sense" : true,
						"segments" : 1000
					}
				}
			}
		]
	}
]