[
	{
		"metadata" : {
			"version" : 1.0,
			"type" : "overlay",
			"generator" : "TADkit"
		},
		"object" : {
			"uuid" : "00000000-0000-0000-0001-000000000000",
			"id" : "gradient",
			"title" : "Blue to Red",
			"source" : "generated",
			"url" : "local",
			"description" : "Simple gradient from blue to red.",
			"type" : "gradient",
			"format" : "hex",
			"components" : 2,
			"state" : {
				"index" : 0,
				"overlaid" : false
			}
		},
		"data" : ["#0000ff","#ff0000"],
		"colors" : [],
		"values" : []
	},
	{
		"metadata" : {
			"version" : 1.0,
			"type" : "overlay",
			"generator" : "TADkit"
		},
		"object" : {
			"uuid" : "00000000-0000-0000-0002-000000000000",
			"id" : "genes",
			"title" : "Genes Overlay",
			"source" : "Ensembl RESTful API",
			"url" : ["http://rest.ensembl.org/overlap/region/","species","/","chromosome",":","start","-","end","?feature=gene;content-type=application/json"],
			"description" : "Genes from Ensembl RESTful API",
			"type" : "ensembl",
			"format" : "json",
			"components" : 13,
			"state" : {
				"index" : 1,
				"overlaid" : false
			}
		},
		"data" : [],
		"colors" : [],
		"values" : []
	}
]