[{"source":"FlyBase","logic_name":"flybase","feature_type":"gene","external_name":"CG8128","description":null,"assembly_name":"BDGP5","biotype":"protein_coding","end":15594067,"seq_region_name":"X","strand":1,"id":"FBgn0030668","start":15591538},{"source":"FlyBase","logic_name":"flybase","feature_type":"gene","external_name":"CG9240","description":null,"assembly_name":"BDGP5","biotype":"protein_coding","end":15595410,"seq_region_name":"X","strand":-1,"id":"FBgn0030669","start":15594205},{"source":"FlyBase","logic_name":"flybase","feature_type":"gene","external_name":"Pis","description":"Phosphatidylinositol synthase [Source:FlyBase gene name;Acc:FBgn0030670]","assembly_name":"BDGP5","biotype":"protein_coding","end":15597798,"seq_region_name":"X","strand":-1,"id":"FBgn0030670","start":15595484},{"source":"FlyBase","logic_name":"flybase","feature_type":"gene","external_name":"CG8134","description":null,"assembly_name":"BDGP5","biotype":"protein_coding","end":15599764,"seq_region_name":"X","strand":1,"id":"FBgn0030671","start":15598158},{"source":"FlyBase","logic_name":"flybase","feature_type":"gene","external_name":"CG9281","description":null,"assembly_name":"BDGP5","biotype":"protein_coding","end":15604631,"seq_region_name":"X","strand":-1,"id":"FBgn0030672","start":15599839},{"source":"FlyBase","logic_name":"flybase","feature_type":"gene","external_name":"CG15601","description":null,"assembly_name":"BDGP5","biotype":"protein_coding","end":15606219,"seq_region_name":"X","strand":1,"id":"FBgn0030673","start":15605128},{"source":"FlyBase","logic_name":"flybase","feature_type":"gene","external_name":"CG8184","description":null,"assembly_name":"BDGP5","biotype":"protein_coding","end":15625521,"seq_region_name":"X","strand":1,"id":"FBgn0030674","start":15608148},{"source":"FlyBase","logic_name":"flybase","feature_type":"gene","external_name":"CG8191","description":null,"assembly_name":"BDGP5","biotype":"protein_coding","end":15627696,"seq_region_name":"X","strand":1,"id":"FBgn0030675","start":15626211},{"source":"FlyBase","logic_name":"flybase","feature_type":"gene","external_name":"CG12379","description":null,"assembly_name":"BDGP5","biotype":"protein_coding","end":15628029,"seq_region_name":"X","strand":-1,"id":"FBgn0030676","start":15627255},{"source":"FlyBase","logic_name":"flybase","feature_type":"gene","external_name":"l(1)G0136","description":"lethal (1) G0136 [Source:FlyBase gene name;Acc:FBgn0026666]","assembly_name":"BDGP5","biotype":"protein_coding","end":15629813,"seq_region_name":"X","strand":1,"id":"FBgn0026666","start":15628303},{"source":"FlyBase","logic_name":"flybase","feature_type":"gene","external_name":"Actr13E","description":"Actin-related protein 13E [Source:FlyBase gene name;Acc:FBgn0011741]","assembly_name":"BDGP5","biotype":"protein_coding","end":15631153,"seq_region_name":"X","strand":-1,"id":"FBgn0011741","start":15629807},{"source":"FlyBase","logic_name":"flybase","feature_type":"gene","external_name":"CG11679","description":null,"assembly_name":"BDGP5","biotype":"protein_coding","end":15632987,"seq_region_name":"X","strand":-1,"id":"FBgn0030678","start":15631526},{"source":"FlyBase","logic_name":"flybase","feature_type":"gene","external_name":"CG8206","description":null,"assembly_name":"BDGP5","biotype":"protein_coding","end":15634275,"seq_region_name":"X","strand":1,"id":"FBgn0030679","start":15633275},{"source":"FlyBase","logic_name":"flybase","feature_type":"gene","external_name":"CG8944","description":null,"assembly_name":"BDGP5","biotype":"protein_coding","end":15640240,"seq_region_name":"X","strand":-1,"id":"FBgn0030680","start":15635376},{"source":"FlyBase","logic_name":"flybase","feature_type":"gene","external_name":"Tcp-1zeta","description":"T-cp1zeta [Source:FlyBase gene name;Acc:FBgn0027329]","assembly_name":"BDGP5","biotype":"protein_coding","end":15643006,"seq_region_name":"X","strand":1,"id":"FBgn0027329","start":15640659},{"source":"FlyBase","logic_name":"flybase","feature_type":"gene","external_name":"CG8239","description":null,"assembly_name":"BDGP5","biotype":"protein_coding","end":15645255,"seq_region_name":"X","strand":1,"id":"FBgn0030683","start":15643210},{"source":"FlyBase","logic_name":"flybase","feature_type":"gene","external_name":"Graf","description":"Graf [Source:FlyBase gene name;Acc:FBgn0030685]","assembly_name":"BDGP5","biotype":"protein_coding","end":15654741,"seq_region_name":"X","strand":-1,"id":"FBgn0030685","start":15645707},{"source":"FlyBase","logic_name":"flybase","feature_type":"gene","external_name":"CG8260","description":null,"assembly_name":"BDGP5","biotype":"protein_coding","end":15651800,"seq_region_name":"X","strand":1,"id":"FBgn0030684","start":15650401},{"source":"FlyBase","logic_name":"flybase","feature_type":"gene","external_name":"mRpL3","description":"mitochondrial ribosomal protein L3 [Source:FlyBase gene name;Acc:FBgn0030686]","assembly_name":"BDGP5","biotype":"protein_coding","end":15656696,"seq_region_name":"X","strand":1,"id":"FBgn0030686","start":15655293},{"source":"FlyBase","logic_name":"flybase","feature_type":"gene","external_name":"CG17209","description":null,"assembly_name":"BDGP5","biotype":"protein_coding","end":15663548,"seq_region_name":"X","strand":1,"id":"FBgn0030687","start":15657034},{"source":"FlyBase","logic_name":"flybase","feature_type":"gene","external_name":"CG8952","description":null,"assembly_name":"BDGP5","biotype":"protein_coding","end":15660478,"seq_region_name":"X","strand":-1,"id":"FBgn0030688","start":15659503},{"source":"FlyBase","logic_name":"flybase","feature_type":"gene","external_name":"CG33172","description":null,"assembly_name":"BDGP5","biotype":"protein_coding","end":15667018,"seq_region_name":"X","strand":1,"id":"FBgn0053172","start":15663697},{"source":"FlyBase","logic_name":"flybase","feature_type":"gene","external_name":"CG43672","description":null,"assembly_name":"BDGP5","biotype":"protein_coding","end":15672736,"seq_region_name":"X","strand":1,"id":"FBgn0263747","start":15667204},{"source":"FlyBase","logic_name":"flybase","feature_type":"gene","external_name":"CG43673","description":null,"assembly_name":"BDGP5","biotype":"protein_coding","end":15674095,"seq_region_name":"X","strand":1,"id":"FBgn0263748","start":15673179},{"source":"FlyBase","logic_name":"flybase","feature_type":"gene","external_name":"Efhc1.1","description":"EFHC1 homologue 1 [Source:FlyBase gene name;Acc:FBgn0030691]","assembly_name":"BDGP5","biotype":"protein_coding","end":15677743,"seq_region_name":"X","strand":-1,"id":"FBgn0030691","start":15674431},{"source":"FlyBase","logic_name":"flybase","feature_type":"gene","external_name":"Paf-AHalpha","description":"Platelet-activating factor acetylhydrolase alpha [Source:FlyBase gene name;Acc:FBgn0025809]","assembly_name":"BDGP5","biotype":"protein_coding","end":15679612,"seq_region_name":"X","strand":-1,"id":"FBgn0025809","start":15678042},{"source":"FlyBase","logic_name":"flybase","feature_type":"gene","external_name":"mRpS30","description":"mitochondrial ribosomal protein S30 [Source:FlyBase gene name;Acc:FBgn0030692]","assembly_name":"BDGP5","biotype":"protein_coding","end":15682072,"seq_region_name":"X","strand":1,"id":"FBgn0030692","start":15680086},{"source":"FlyBase","logic_name":"flybase","feature_type":"gene","external_name":"Rhp","description":"Rhophilin [Source:FlyBase gene name;Acc:FBgn0026374]","assembly_name":"BDGP5","biotype":"protein_coding","end":15687780,"seq_region_name":"X","strand":1,"id":"FBgn0026374","start":15682926},{"source":"FlyBase","logic_name":"flybase","feature_type":"gene","external_name":"CG8974","description":null,"assembly_name":"BDGP5","biotype":"protein_coding","end":15690082,"seq_region_name":"X","strand":-1,"id":"FBgn0030693","start":15687752},{"source":"FlyBase","logic_name":"flybase","feature_type":"gene","external_name":"CG32581","description":null,"assembly_name":"BDGP5","biotype":"protein_coding","end":15693189,"seq_region_name":"X","strand":-1,"id":"FBgn0052581","start":15690936},{"source":"FlyBase","logic_name":"flybase","feature_type":"gene","external_name":"CG15602","description":null,"assembly_name":"BDGP5","biotype":"protein_coding","end":15694994,"seq_region_name":"X","strand":1,"id":"FBgn0030694","start":15693629},{"source":"FlyBase","logic_name":"flybase","feature_type":"gene","external_name":"PGRP-LE","description":"Peptidoglycan recognition protein LE [Source:FlyBase gene name;Acc:FBgn0030695]","assembly_name":"BDGP5","biotype":"protein_coding","end":15697798,"seq_region_name":"X","strand":-1,"id":"FBgn0030695","start":15695186},{"source":"FlyBase","logic_name":"flybase","feature_type":"gene","external_name":"sd","description":"scalloped [Source:FlyBase gene name;Acc:FBgn0003345]","assembly_name":"BDGP5","biotype":"protein_coding","end":15721714,"seq_region_name":"X","strand":1,"id":"FBgn0003345","start":15698405},{"source":"FlyBase","logic_name":"flybase","feature_type":"gene","external_name":"CG8509","description":null,"assembly_name":"BDGP5","biotype":"protein_coding","end":15704980,"seq_region_name":"X","strand":1,"id":"FBgn0030696","start":15703588},{"source":"FlyBase","logic_name":"flybase","feature_type":"gene","external_name":"Chc","description":"Clathrin heavy chain [Source:FlyBase gene name;Acc:FBgn0000319]","assembly_name":"BDGP5","biotype":"protein_coding","end":15729507,"seq_region_name":"X","strand":-1,"id":"FBgn0000319","start":15722019},{"source":"FlyBase","logic_name":"flybase","feature_type":"gene","external_name":"CG32582","description":null,"assembly_name":"BDGP5","biotype":"protein_coding","end":15730956,"seq_region_name":"X","strand":1,"id":"FBgn0052582","start":15729634},{"source":"FlyBase","logic_name":"flybase","feature_type":"gene","external_name":"CG8565","description":null,"assembly_name":"BDGP5","biotype":"protein_coding","end":15735093,"seq_region_name":"X","strand":1,"id":"FBgn0030697","start":15731863},{"source":"FlyBase","logic_name":"flybase","feature_type":"gene","external_name":"Aats-arg","description":"Arginyl-tRNA synthetase [Source:FlyBase gene name;Acc:FBgn0027093]","assembly_name":"BDGP5","biotype":"protein_coding","end":15738169,"seq_region_name":"X","strand":-1,"id":"FBgn0027093","start":15735796},{"source":"FlyBase","logic_name":"flybase","feature_type":"gene","external_name":"CG8578","description":null,"assembly_name":"BDGP5","biotype":"protein_coding","end":15741660,"seq_region_name":"X","strand":1,"id":"FBgn0030699","start":15738530},{"source":"FlyBase","logic_name":"flybase","feature_type":"gene","external_name":"sun","description":"stunted [Source:FlyBase gene name;Acc:FBgn0014391]","assembly_name":"BDGP5","biotype":"protein_coding","end":15743273,"seq_region_name":"X","strand":-1,"id":"FBgn0014391","start":15741454},{"source":"FlyBase","logic_name":"flybase","feature_type":"gene","external_name":"UBL3","description":"UBL3 [Source:FlyBase gene name;Acc:FBgn0026076]","assembly_name":"BDGP5","biotype":"protein_coding","end":15747198,"seq_region_name":"X","strand":-1,"id":"FBgn0026076","start":15743961},{"source":"FlyBase","logic_name":"flybase","feature_type":"gene","external_name":"CG15914","description":null,"assembly_name":"BDGP5","biotype":"protein_coding","end":15749003,"seq_region_name":"X","strand":1,"id":"FBgn0030700","start":15747454},{"source":"FlyBase","logic_name":"flybase","feature_type":"gene","external_name":"Myb","description":"Myb oncogene-like [Source:FlyBase gene name;Acc:FBgn0002914]","assembly_name":"BDGP5","biotype":"protein_coding","end":15751854,"seq_region_name":"X","strand":-1,"id":"FBgn0002914","start":15748865},{"source":"FlyBase","logic_name":"flybase","feature_type":"gene","external_name":"AlkB","description":"AlkB [Source:FlyBase gene name;Acc:FBgn0065035]","assembly_name":"BDGP5","biotype":"protein_coding","end":15753520,"seq_region_name":"X","strand":-1,"id":"FBgn0065035","start":15752167},{"source":"FlyBase","logic_name":"flybase","feature_type":"gene","external_name":"Gbeta13F","description":"G protein beta-subunit 13F [Source:FlyBase gene name;Acc:FBgn0001105]","assembly_name":"BDGP5","biotype":"protein_coding","end":15760208,"seq_region_name":"X","strand":1,"id":"FBgn0001105","start":15754148},{"source":"FlyBase","logic_name":"flybase","feature_type":"gene","external_name":"Gapdh2","description":"Glyceraldehyde 3 phosphate dehydrogenase 2 [Source:FlyBase gene name;Acc:FBgn0001092]","assembly_name":"BDGP5","biotype":"protein_coding","end":15763694,"seq_region_name":"X","strand":1,"id":"FBgn0001092","start":15762178},{"source":"FlyBase","logic_name":"flybase","feature_type":"gene","external_name":"CG16952","description":null,"assembly_name":"BDGP5","biotype":"protein_coding","end":15769563,"seq_region_name":"X","strand":1,"id":"FBgn0030701","start":15764209},{"source":"FlyBase","logic_name":"flybase","feature_type":"gene","external_name":"tay","description":"tay bridge [Source:FlyBase gene name;Acc:FBgn0260938]","assembly_name":"BDGP5","biotype":"protein_coding","end":15781319,"seq_region_name":"X","strand":-1,"id":"FBgn0260938","start":15770716},{"source":"FlyBase","logic_name":"flybase","feature_type":"gene","external_name":"MSBP","description":"membrane steroid binding protein [Source:FlyBase gene name;Acc:FBgn0030703]","assembly_name":"BDGP5","biotype":"protein_coding","end":15784149,"seq_region_name":"X","strand":-1,"id":"FBgn0030703","start":15781600},{"source":"FlyBase","logic_name":"flybase","feature_type":"gene","external_name":"CG15916","description":null,"assembly_name":"BDGP5","biotype":"protein_coding","end":15785580,"seq_region_name":"X","strand":1,"id":"FBgn0030704","start":15784622},{"source":"FlyBase","logic_name":"flybase","feature_type":"gene","external_name":"shi","description":"shibire [Source:FlyBase gene name;Acc:FBgn0003392]","assembly_name":"BDGP5","biotype":"protein_coding","end":15800725,"seq_region_name":"X","strand":1,"id":"FBgn0003392","start":15786149},{"source":"FlyBase","logic_name":"flybase","feature_type":"gene","external_name":"CycD","description":"Cyclin D [Source:FlyBase gene name;Acc:FBgn0010315]","assembly_name":"BDGP5","biotype":"protein_coding","end":15803709,"seq_region_name":"X","strand":-1,"id":"FBgn0010315","start":15800855},{"source":"FlyBase","logic_name":"flybase","feature_type":"gene","external_name":"CG8909","description":null,"assembly_name":"BDGP5","biotype":"protein_coding","end":15814812,"seq_region_name":"X","strand":1,"id":"FBgn0030706","start":15805013},{"source":"FlyBase","logic_name":"flybase","feature_type":"gene","external_name":"CG8916","description":null,"assembly_name":"BDGP5","biotype":"protein_coding","end":15818591,"seq_region_name":"X","strand":1,"id":"FBgn0030707","start":15815988},{"source":"FlyBase","logic_name":"flybase","feature_type":"gene","external_name":"Lcch3","description":"Ligand-gated chloride channel homolog 3 [Source:FlyBase gene name;Acc:FBgn0010240]","assembly_name":"BDGP5","biotype":"protein_coding","end":15822562,"seq_region_name":"X","strand":1,"id":"FBgn0010240","start":15819089},{"source":"FlyBase","logic_name":"flybase","feature_type":"gene","external_name":"Ranbp16","description":"Ranbp16 [Source:FlyBase gene name;Acc:FBgn0053180]","assembly_name":"BDGP5","biotype":"protein_coding","end":15827707,"seq_region_name":"X","strand":-1,"id":"FBgn0053180","start":15821218},{"source":"FlyBase","logic_name":"flybase","feature_type":"gene","external_name":"Stim","description":"Stromal interaction molecule [Source:FlyBase gene name;Acc:FBgn0045073]","assembly_name":"BDGP5","biotype":"protein_coding","end":15834543,"seq_region_name":"X","strand":-1,"id":"FBgn0045073","start":15828528},{"source":"FlyBase","logic_name":"flybase","feature_type":"gene","external_name":"CG8924","description":null,"assembly_name":"BDGP5","biotype":"protein_coding","end":15838482,"seq_region_name":"X","strand":1,"id":"FBgn0030710","start":15835112},{"source":"FlyBase","logic_name":"flybase","feature_type":"gene","external_name":"Rrp47","description":null,"assembly_name":"BDGP5","biotype":"protein_coding","end":15839920,"seq_region_name":"X","strand":1,"id":"FBgn0030711","start":15839011},{"source":"FlyBase","logic_name":"flybase","feature_type":"gene","external_name":"mmd","description":"mind-meld [Source:FlyBase gene name;Acc:FBgn0259110]","assembly_name":"BDGP5","biotype":"protein_coding","end":15867192,"seq_region_name":"X","strand":-1,"id":"FBgn0259110","start":15840969},{"source":"FlyBase","logic_name":"flybase","feature_type":"gene","external_name":"mir-927","description":"mir-927 stem loop [Source:FlyBase gene name;Acc:FBgn0262210]","assembly_name":"BDGP5","biotype":"pre_miRNA","end":15860071,"seq_region_name":"X","strand":-1,"id":"FBgn0262210","start":15859980},{"source":"FlyBase","logic_name":"flybase","feature_type":"gene","external_name":"Or13a","description":"Odorant receptor 13a [Source:FlyBase gene name;Acc:FBgn0030715]","assembly_name":"BDGP5","biotype":"protein_coding","end":15870739,"seq_region_name":"X","strand":1,"id":"FBgn0030715","start":15868458},{"source":"FlyBase","logic_name":"flybase","feature_type":"gene","external_name":"CG42766","description":null,"assembly_name":"BDGP5","biotype":"protein_coding","end":15871641,"seq_region_name":"X","strand":1,"id":"FBgn0261834","start":15870901},{"source":"FlyBase","logic_name":"flybase","feature_type":"gene","external_name":"CG9170","description":null,"assembly_name":"BDGP5","biotype":"protein_coding","end":15876974,"seq_region_name":"X","strand":-1,"id":"FBgn0030716","start":15872136},{"source":"FlyBase","logic_name":"flybase","feature_type":"gene","external_name":"CG8931","description":null,"assembly_name":"BDGP5","biotype":"protein_coding","end":15879438,"seq_region_name":"X","strand":1,"id":"FBgn0030717","start":15877807},{"source":"FlyBase","logic_name":"flybase","feature_type":"gene","external_name":"CG9172","description":null,"assembly_name":"BDGP5","biotype":"protein_coding","end":15880839,"seq_region_name":"X","strand":-1,"id":"FBgn0030718","start":15879882},{"source":"FlyBase","logic_name":"flybase","feature_type":"gene","external_name":"eIF5","description":"eIF5 [Source:FlyBase gene name;Acc:FBgn0030719]","assembly_name":"BDGP5","biotype":"protein_coding","end":15886023,"seq_region_name":"X","strand":-1,"id":"FBgn0030719","start":15881194},{"source":"FlyBase","logic_name":"flybase","feature_type":"gene","external_name":"exd","description":"extradenticle [Source:FlyBase gene name;Acc:FBgn0000611]","assembly_name":"BDGP5","biotype":"protein_coding","end":15890542,"seq_region_name":"X","strand":1,"id":"FBgn0000611","start":15886501},{"source":"FlyBase","logic_name":"flybase","feature_type":"gene","external_name":"CG8939","description":null,"assembly_name":"BDGP5","biotype":"protein_coding","end":15893731,"seq_region_name":"X","strand":1,"id":"FBgn0030720","start":15891049},{"source":"FlyBase","logic_name":"flybase","feature_type":"gene","external_name":"vap","description":"vacuolar peduncle [Source:FlyBase gene name;Acc:FBgn0003969]","assembly_name":"BDGP5","biotype":"protein_coding","end":15899877,"seq_region_name":"X","strand":-1,"id":"FBgn0003969","start":15894167},{"source":"FlyBase","logic_name":"flybase","feature_type":"gene","external_name":"CG12698","description":null,"assembly_name":"BDGP5","biotype":"protein_coding","end":15902758,"seq_region_name":"X","strand":1,"id":"FBgn0030721","start":15900180},{"source":"FlyBase","logic_name":"flybase","feature_type":"gene","external_name":"Muc14A","description":"Mucin 14A [Source:FlyBase gene name;Acc:FBgn0052580]","assembly_name":"BDGP5","biotype":"protein_coding","end":15955708,"seq_region_name":"X","strand":1,"id":"FBgn0052580","start":15903161},{"source":"FlyBase","logic_name":"flybase","feature_type":"gene","external_name":"CG12395","description":null,"assembly_name":"BDGP5","biotype":"protein_coding","end":15956888,"seq_region_name":"X","strand":-1,"id":"FBgn0030722","start":15955935},{"source":"FlyBase","logic_name":"flybase","feature_type":"gene","external_name":"dpr18","description":"dpr18 [Source:FlyBase gene name;Acc:FBgn0030723]","assembly_name":"BDGP5","biotype":"protein_coding","end":15964337,"seq_region_name":"X","strand":1,"id":"FBgn0030723","start":15957774},{"source":"FlyBase","logic_name":"flybase","feature_type":"gene","external_name":"Nipsnap","description":"Nipsnap [Source:FlyBase gene name;Acc:FBgn0030724]","assembly_name":"BDGP5","biotype":"protein_coding","end":15967599,"seq_region_name":"X","strand":-1,"id":"FBgn0030724","start":15964398},{"source":"FlyBase","logic_name":"flybase","feature_type":"gene","external_name":"Tob","description":"Tob [Source:FlyBase gene name;Acc:FBgn0028397]","assembly_name":"BDGP5","biotype":"protein_coding","end":15985528,"seq_region_name":"X","strand":-1,"id":"FBgn0028397","start":15969396},{"source":"FlyBase","logic_name":"flybase","feature_type":"gene","external_name":"mir-4958","description":"mir-4958 stem loop [Source:FlyBase gene name;Acc:FBgn0263516]","assembly_name":"BDGP5","biotype":"pre_miRNA","end":15975089,"seq_region_name":"X","strand":-1,"id":"FBgn0263516","start":15974956},{"source":"FlyBase","logic_name":"flybase","feature_type":"gene","external_name":"CG8958","description":null,"assembly_name":"BDGP5","biotype":"protein_coding","end":15979784,"seq_region_name":"X","strand":1,"id":"FBgn0030725","start":15977265},{"source":"FlyBase","logic_name":"flybase","feature_type":"gene","external_name":"CG42353","description":null,"assembly_name":"BDGP5","biotype":"protein_coding","end":15998945,"seq_region_name":"X","strand":-1,"id":"FBgn0259699","start":15987092},{"source":"FlyBase","logic_name":"flybase","feature_type":"gene","external_name":"CG42354","description":null,"assembly_name":"BDGP5","biotype":"protein_coding","end":15998945,"seq_region_name":"X","strand":-1,"id":"FBgn0259700","start":15987092},{"source":"FlyBase","logic_name":"flybase","feature_type":"gene","external_name":"disco-r","description":"disco-related [Source:FlyBase gene name;Acc:FBgn0042650]","assembly_name":"BDGP5","biotype":"protein_coding","end":16043010,"seq_region_name":"X","strand":-1,"id":"FBgn0042650","start":16012821},{"source":"FlyBase","logic_name":"flybase","feature_type":"gene","external_name":"mir-985","description":"mir-985 stem loop [Source:FlyBase gene name;Acc:FBgn0262283]","assembly_name":"BDGP5","biotype":"pre_miRNA","end":16085372,"seq_region_name":"X","strand":-1,"id":"FBgn0262283","start":16085287},{"source":"FlyBase","logic_name":"flybase","feature_type":"gene","external_name":"disco","description":"disconnected [Source:FlyBase gene name;Acc:FBgn0000459]","assembly_name":"BDGP5","biotype":"protein_coding","end":16110779,"seq_region_name":"X","strand":-1,"id":"FBgn0000459","start":16104631},{"source":"FlyBase","logic_name":"flybase","feature_type":"gene","external_name":"snRNA:U5:14B","description":"small nuclear RNA U5 at 14B [Source:FlyBase gene name;Acc:FBgn0003933]","assembly_name":"BDGP5","biotype":"snRNA","end":16148150,"seq_region_name":"X","strand":-1,"id":"FBgn0003933","start":16148041},{"source":"FlyBase","logic_name":"flybase","feature_type":"gene","external_name":"snRNA:U2:14B","description":"small nuclear RNA U2 at 14B [Source:FlyBase gene name;Acc:FBgn0003920]","assembly_name":"BDGP5","biotype":"snRNA","end":16148896,"seq_region_name":"X","strand":1,"id":"FBgn0003920","start":16148705},{"source":"FlyBase","logic_name":"flybase","feature_type":"gene","external_name":"CG12507","description":null,"assembly_name":"BDGP5","biotype":"protein_coding","end":16160527,"seq_region_name":"X","strand":-1,"id":"FBgn0030729","start":16159413},{"source":"FlyBase","logic_name":"flybase","feature_type":"gene","external_name":"kat80","description":"katanin 80 [Source:FlyBase gene name;Acc:FBgn0040207]","assembly_name":"BDGP5","biotype":"protein_coding","end":16170213,"seq_region_name":"X","strand":-1,"id":"FBgn0040207","start":16161038},{"source":"FlyBase","logic_name":"flybase","feature_type":"gene","external_name":"Mfe2","description":"peroxisomal Multifunctional enzyme type 2 [Source:FlyBase gene name;Acc:FBgn0030731]","assembly_name":"BDGP5","biotype":"protein_coding","end":16167858,"seq_region_name":"X","strand":1,"id":"FBgn0030731","start":16165007},{"source":"FlyBase","logic_name":"flybase","feature_type":"gene","external_name":"Pros28.1","description":"Proteasome 28kD subunit 1 [Source:FlyBase gene name;Acc:FBgn0004066]","assembly_name":"BDGP5","biotype":"protein_coding","end":16171620,"seq_region_name":"X","strand":1,"id":"FBgn0004066","start":16170305},{"source":"FlyBase","logic_name":"flybase","feature_type":"gene","external_name":"eas","description":"easily shocked [Source:FlyBase gene name;Acc:FBgn0000536]","assembly_name":"BDGP5","biotype":"protein_coding","end":16179651,"seq_region_name":"X","strand":1,"id":"FBgn0000536","start":16172360},{"source":"FlyBase","logic_name":"flybase","feature_type":"gene","external_name":"CG32576","description":null,"assembly_name":"BDGP5","biotype":"protein_coding","end":16182554,"seq_region_name":"X","strand":-1,"id":"FBgn0052576","start":16179986},{"source":"FlyBase","logic_name":"flybase","feature_type":"gene","external_name":"CG3560","description":null,"assembly_name":"BDGP5","biotype":"protein_coding","end":16181021,"seq_region_name":"X","strand":1,"id":"FBgn0030733","start":16180321},{"source":"FlyBase","logic_name":"flybase","feature_type":"gene","external_name":"caz","description":"cabeza [Source:FlyBase gene name;Acc:FBgn0011571]","assembly_name":"BDGP5","biotype":"protein_coding","end":16187553,"seq_region_name":"X","strand":1,"id":"FBgn0011571","start":16182879},{"source":"FlyBase","logic_name":"flybase","feature_type":"gene","external_name":"CG9911","description":null,"assembly_name":"BDGP5","biotype":"protein_coding","end":16191751,"seq_region_name":"X","strand":-1,"id":"FBgn0030734","start":16187886},{"source":"FlyBase","logic_name":"flybase","feature_type":"gene","external_name":"CG3632","description":null,"assembly_name":"BDGP5","biotype":"protein_coding","end":16197341,"seq_region_name":"X","strand":1,"id":"FBgn0030735","start":16190728},{"source":"FlyBase","logic_name":"flybase","feature_type":"gene","external_name":"CG3679","description":null,"assembly_name":"BDGP5","biotype":"protein_coding","end":16200957,"seq_region_name":"X","strand":1,"id":"FBgn0027521","start":16197947},{"source":"FlyBase","logic_name":"flybase","feature_type":"gene","external_name":"CG9914","description":null,"assembly_name":"BDGP5","biotype":"protein_coding","end":16202416,"seq_region_name":"X","strand":-1,"id":"FBgn0030737","start":16200945},{"source":"FlyBase","logic_name":"flybase","feature_type":"gene","external_name":"CG9915","description":null,"assembly_name":"BDGP5","biotype":"protein_coding","end":16207171,"seq_region_name":"X","strand":-1,"id":"FBgn0030738","start":16204131},{"source":"FlyBase","logic_name":"flybase","feature_type":"gene","external_name":"CG13957","description":null,"assembly_name":"BDGP5","biotype":"protein_coding","end":16211646,"seq_region_name":"X","strand":1,"id":"FBgn0030739","start":16208038},{"source":"FlyBase","logic_name":"flybase","feature_type":"gene","external_name":"Cyp1","description":"Cyclophilin 1 [Source:FlyBase gene name;Acc:FBgn0004432]","assembly_name":"BDGP5","biotype":"protein_coding","end":16214445,"seq_region_name":"X","strand":-1,"id":"FBgn0004432","start":16211706},{"source":"FlyBase","logic_name":"flybase","feature_type":"gene","external_name":"CG9917","description":null,"assembly_name":"BDGP5","biotype":"protein_coding","end":16217264,"seq_region_name":"X","strand":-1,"id":"FBgn0030740","start":16215464},{"source":"FlyBase","logic_name":"flybase","feature_type":"gene","external_name":"CG32579","description":null,"assembly_name":"BDGP5","biotype":"protein_coding","end":16219801,"seq_region_name":"X","strand":1,"id":"FBgn0052579","start":16217319},{"source":"FlyBase","logic_name":"flybase","feature_type":"gene","external_name":"CalpC","description":"Calpain C [Source:FlyBase gene name;Acc:FBgn0260450]","assembly_name":"BDGP5","biotype":"protein_coding","end":16222556,"seq_region_name":"X","strand":1,"id":"FBgn0260450","start":16219796},{"source":"FlyBase","logic_name":"flybase","feature_type":"gene","external_name":"CG9919","description":null,"assembly_name":"BDGP5","biotype":"protein_coding","end":16224773,"seq_region_name":"X","strand":-1,"id":"FBgn0030742","start":16222470},{"source":"FlyBase","logic_name":"flybase","feature_type":"gene","external_name":"CG9921","description":null,"assembly_name":"BDGP5","biotype":"protein_coding","end":16227427,"seq_region_name":"X","strand":-1,"id":"FBgn0030743","start":16225292},{"source":"FlyBase","logic_name":"flybase","feature_type":"gene","external_name":"Dsp1","description":"Dorsal switch protein 1 [Source:FlyBase gene name;Acc:FBgn0011764]","assembly_name":"BDGP5","biotype":"protein_coding","end":16234657,"seq_region_name":"X","strand":1,"id":"FBgn0011764","start":16227645},{"source":"FlyBase","logic_name":"flybase","feature_type":"gene","external_name":"sl","description":"small wing [Source:FlyBase gene name;Acc:FBgn0003416]","assembly_name":"BDGP5","biotype":"protein_coding","end":16250520,"seq_region_name":"X","strand":1,"id":"FBgn0003416","start":16244342},{"source":"FlyBase","logic_name":"flybase","feature_type":"gene","external_name":"U2af50","description":"U2 small nuclear riboprotein auxiliary factor 50 [Source:FlyBase gene name;Acc:FBgn0005411]","assembly_name":"BDGP5","biotype":"protein_coding","end":16253072,"seq_region_name":"X","strand":-1,"id":"FBgn0005411","start":16250729},{"source":"FlyBase","logic_name":"flybase","feature_type":"gene","external_name":"Gpi1","description":"Gpi1 [Source:FlyBase gene name;Acc:FBgn0086448]","assembly_name":"BDGP5","biotype":"protein_coding","end":16255308,"seq_region_name":"X","strand":1,"id":"FBgn0086448","start":16253316},{"source":"FlyBase","logic_name":"flybase","feature_type":"gene","external_name":"nonA","description":"no on or off transient A [Source:FlyBase gene name;Acc:FBgn0004227]","assembly_name":"BDGP5","biotype":"protein_coding","end":16265580,"seq_region_name":"X","strand":1,"id":"FBgn0004227","start":16255566},{"source":"FlyBase","logic_name":"flybase","feature_type":"gene","external_name":"Fur2","description":"Furin 2 [Source:FlyBase gene name;Acc:FBgn0004598]","assembly_name":"BDGP5","biotype":"protein_coding","end":16275816,"seq_region_name":"X","strand":1,"id":"FBgn0004598","start":16267121},{"source":"FlyBase","logic_name":"flybase","feature_type":"gene","external_name":"CG9992","description":null,"assembly_name":"BDGP5","biotype":"protein_coding","end":16278937,"seq_region_name":"X","strand":-1,"id":"FBgn0030744","start":16275984},{"source":"FlyBase","logic_name":"flybase","feature_type":"gene","external_name":"CG4239","description":null,"assembly_name":"BDGP5","biotype":"protein_coding","end":16282736,"seq_region_name":"X","strand":1,"id":"FBgn0030745","start":16279348},{"source":"FlyBase","logic_name":"flybase","feature_type":"gene","external_name":"TH1","description":"TH1 [Source:FlyBase gene name;Acc:FBgn0010416]","assembly_name":"BDGP5","biotype":"protein_coding","end":16285443,"seq_region_name":"X","strand":-1,"id":"FBgn0010416","start":16282853},{"source":"FlyBase","logic_name":"flybase","feature_type":"gene","external_name":"mei-41","description":"meiotic 41 [Source:FlyBase gene name;Acc:FBgn0004367]","assembly_name":"BDGP5","biotype":"protein_coding","end":16293601,"seq_region_name":"X","strand":1,"id":"FBgn0004367","start":16285794},{"source":"FlyBase","logic_name":"flybase","feature_type":"gene","external_name":"CG9981","description":null,"assembly_name":"BDGP5","biotype":"protein_coding","end":16299155,"seq_region_name":"X","strand":-1,"id":"FBgn0030746","start":16293815},{"source":"FlyBase","logic_name":"flybase","feature_type":"gene","external_name":"CG4301","description":null,"assembly_name":"BDGP5","biotype":"protein_coding","end":16308436,"seq_region_name":"X","strand":1,"id":"FBgn0030747","start":16299728},{"source":"FlyBase","logic_name":"flybase","feature_type":"gene","external_name":"Traf-like","description":"TNF-receptor-associated factor-like [Source:FlyBase gene name;Acc:FBgn0030748]","assembly_name":"BDGP5","biotype":"protein_coding","end":16311618,"seq_region_name":"X","strand":1,"id":"FBgn0030748","start":16309079},{"source":"FlyBase","logic_name":"flybase","feature_type":"gene","external_name":"Anxb11","description":"Annexin B11 [Source:FlyBase gene name;Acc:FBgn0030749]","assembly_name":"BDGP5","biotype":"protein_coding","end":16316298,"seq_region_name":"X","strand":-1,"id":"FBgn0030749","start":16310991},{"source":"FlyBase","logic_name":"flybase","feature_type":"gene","external_name":"hang","description":"hangover [Source:FlyBase gene name;Acc:FBgn0026575]","assembly_name":"BDGP5","biotype":"protein_coding","end":16331531,"seq_region_name":"X","strand":1,"id":"FBgn0026575","start":16316877},{"source":"FlyBase","logic_name":"flybase","feature_type":"gene","external_name":"CG9947","description":null,"assembly_name":"BDGP5","biotype":"protein_coding","end":16335313,"seq_region_name":"X","strand":-1,"id":"FBgn0030752","start":16333180},{"source":"FlyBase","logic_name":"flybase","feature_type":"gene","external_name":"rngo","description":"rings lost [Source:FlyBase gene name;Acc:FBgn0030753]","assembly_name":"BDGP5","biotype":"protein_coding","end":16339400,"seq_region_name":"X","strand":1,"id":"FBgn0030753","start":16335466},{"source":"FlyBase","logic_name":"flybase","feature_type":"gene","external_name":"eIF-2alpha","description":"eukaryotic translation Initiation Factor 2alpha [Source:FlyBase gene name;Acc:FBgn0261609]","assembly_name":"BDGP5","biotype":"protein_coding","end":16341007,"seq_region_name":"X","strand":-1,"id":"FBgn0261609","start":16339528},{"source":"FlyBase","logic_name":"flybase","feature_type":"gene","external_name":"CG34015","description":null,"assembly_name":"BDGP5","biotype":"protein_coding","end":16342335,"seq_region_name":"X","strand":-1,"id":"FBgn0054015","start":16341601},{"source":"FlyBase","logic_name":"flybase","feature_type":"gene","external_name":"Rbp2","description":"RNA-binding protein 2 [Source:FlyBase gene name;Acc:FBgn0262734]","assembly_name":"BDGP5","biotype":"protein_coding","end":16349005,"seq_region_name":"X","strand":1,"id":"FBgn0262734","start":16342710},{"source":"FlyBase","logic_name":"flybase","feature_type":"gene","external_name":"para","description":"paralytic [Source:FlyBase gene name;Acc:FBgn0264255]","assembly_name":"BDGP5","biotype":"protein_coding","end":16421447,"seq_region_name":"X","strand":-1,"id":"FBgn0264255","start":16352900},{"source":"FlyBase","logic_name":"flybase","feature_type":"gene","external_name":"Cnx14D","description":"Calnexin 14D [Source:FlyBase gene name;Acc:FBgn0264077]","assembly_name":"BDGP5","biotype":"protein_coding","end":16419385,"seq_region_name":"X","strand":-1,"id":"FBgn0264077","start":16417070},{"source":"FlyBase","logic_name":"flybase","feature_type":"gene","external_name":"CG9903","description":null,"assembly_name":"BDGP5","biotype":"protein_coding","end":16434885,"seq_region_name":"X","strand":-1,"id":"FBgn0030756","start":16433186},{"source":"FlyBase","logic_name":"flybase","feature_type":"gene","external_name":"CG9902","description":null,"assembly_name":"BDGP5","biotype":"protein_coding","end":16441553,"seq_region_name":"X","strand":-1,"id":"FBgn0030757","start":16435778},{"source":"FlyBase","logic_name":"flybase","feature_type":"gene","external_name":"Arp14D","description":"Actin-related protein 14D [Source:FlyBase gene name;Acc:FBgn0011742]","assembly_name":"BDGP5","biotype":"protein_coding","end":16448001,"seq_region_name":"X","strand":-1,"id":"FBgn0011742","start":16442323},{"source":"FlyBase","logic_name":"flybase","feature_type":"gene","external_name":"Pp2B-14D","description":"Protein phosphatase 2B at 14D [Source:FlyBase gene name;Acc:FBgn0011826]","assembly_name":"BDGP5","biotype":"protein_coding","end":16454056,"seq_region_name":"X","strand":-1,"id":"FBgn0011826","start":16448660},{"source":"FlyBase","logic_name":"flybase","feature_type":"gene","external_name":"CanA-14F","description":"Calcineurin A at 14F [Source:FlyBase gene name;Acc:FBgn0030758]","assembly_name":"BDGP5","biotype":"protein_coding","end":16481205,"seq_region_name":"X","strand":-1,"id":"FBgn0030758","start":16454717},{"source":"FlyBase","logic_name":"flybase","feature_type":"gene","external_name":"CG13014","description":null,"assembly_name":"BDGP5","biotype":"protein_coding","end":16482963,"seq_region_name":"X","strand":1,"id":"FBgn0030759","start":16481906},{"source":"FlyBase","logic_name":"flybase","feature_type":"gene","external_name":"Cap","description":"Chromosome-associated protein [Source:FlyBase gene name;Acc:FBgn0015615]","assembly_name":"BDGP5","biotype":"protein_coding","end":16487462,"seq_region_name":"X","strand":-1,"id":"FBgn0015615","start":16483035},{"source":"FlyBase","logic_name":"flybase","feature_type":"gene","external_name":"crl","description":"courtless [Source:FlyBase gene name;Acc:FBgn0015374]","assembly_name":"BDGP5","biotype":"protein_coding","end":16489449,"seq_region_name":"X","strand":1,"id":"FBgn0015374","start":16487712},{"source":"FlyBase","logic_name":"flybase","feature_type":"gene","external_name":"CG9784","description":null,"assembly_name":"BDGP5","biotype":"protein_coding","end":16493254,"seq_region_name":"X","strand":-1,"id":"FBgn0030761","start":16490559},{"source":"FlyBase","logic_name":"flybase","feature_type":"gene","external_name":"Nup153","description":"Nucleoporin 153 [Source:FlyBase gene name;Acc:FBgn0061200]","assembly_name":"BDGP5","biotype":"protein_coding","end":16504492,"seq_region_name":"X","strand":1,"id":"FBgn0061200","start":16493356},{"source":"FlyBase","logic_name":"flybase","feature_type":"gene","external_name":"mir-4965","description":"mir-4965 stem loop [Source:FlyBase gene name;Acc:FBgn0263538]","assembly_name":"BDGP5","biotype":"pre_miRNA","end":16500227,"seq_region_name":"X","strand":1,"id":"FBgn0263538","start":16500141},{"source":"FlyBase","logic_name":"flybase","feature_type":"gene","external_name":"mbt","description":"mushroom bodies tiny [Source:FlyBase gene name;Acc:FBgn0025743]","assembly_name":"BDGP5","biotype":"protein_coding","end":16508889,"seq_region_name":"X","strand":1,"id":"FBgn0025743","start":16504737},{"source":"FlyBase","logic_name":"flybase","feature_type":"gene","external_name":"CG9782","description":null,"assembly_name":"BDGP5","biotype":"protein_coding","end":16515619,"seq_region_name":"X","strand":-1,"id":"FBgn0030763","start":16509061},{"source":"FlyBase","logic_name":"flybase","feature_type":"gene","external_name":"rok","description":"Rho-kinase [Source:FlyBase gene name;Acc:FBgn0026181]","assembly_name":"BDGP5","biotype":"protein_coding","end":16531452,"seq_region_name":"X","strand":-1,"id":"FBgn0026181","start":16519142},{"source":"FlyBase","logic_name":"flybase","feature_type":"gene","external_name":"CG9777","description":null,"assembly_name":"BDGP5","biotype":"protein_coding","end":16526268,"seq_region_name":"X","strand":-1,"id":"FBgn0030764","start":16524705},{"source":"FlyBase","logic_name":"flybase","feature_type":"gene","external_name":"RpS19a","description":"Ribosomal protein S19a [Source:FlyBase gene name;Acc:FBgn0010412]","assembly_name":"BDGP5","biotype":"protein_coding","end":16532953,"seq_region_name":"X","strand":1,"id":"FBgn0010412","start":16531912},{"source":"FlyBase","logic_name":"flybase","feature_type":"gene","external_name":"SmG","description":"Small ribonucleoprotein particle protein SmG [Source:FlyBase gene name;Acc:FBgn0261791]","assembly_name":"BDGP5","biotype":"protein_coding","end":16534447,"seq_region_name":"X","strand":-1,"id":"FBgn0261791","start":16533832},{"source":"FlyBase","logic_name":"flybase","feature_type":"gene","external_name":"mthl1","description":"methuselah-like 1 [Source:FlyBase gene name;Acc:FBgn0030766]","assembly_name":"BDGP5","biotype":"protein_coding","end":16543730,"seq_region_name":"X","strand":1,"id":"FBgn0030766","start":16534938},{"source":"FlyBase","logic_name":"flybase","feature_type":"gene","external_name":"CG32573","description":null,"assembly_name":"BDGP5","biotype":"protein_coding","end":16547308,"seq_region_name":"X","strand":1,"id":"FBgn0052573","start":16545409},{"source":"FlyBase","logic_name":"flybase","feature_type":"gene","external_name":"CG42512","description":null,"assembly_name":"BDGP5","biotype":"protein_coding","end":16547308,"seq_region_name":"X","strand":1,"id":"FBgn0260238","start":16545409},{"source":"FlyBase","logic_name":"flybase","feature_type":"gene","external_name":"CG9723","description":null,"assembly_name":"BDGP5","biotype":"protein_coding","end":16549045,"seq_region_name":"X","strand":-1,"id":"FBgn0030768","start":16547253},{"source":"FlyBase","logic_name":"flybase","feature_type":"gene","external_name":"r","description":"rudimentary [Source:FlyBase gene name;Acc:FBgn0003189]","assembly_name":"BDGP5","biotype":"protein_coding","end":16563110,"seq_region_name":"X","strand":1,"id":"FBgn0003189","start":16549412},{"source":"FlyBase","logic_name":"flybase","feature_type":"gene","external_name":"CG15865","description":null,"assembly_name":"BDGP5","biotype":"protein_coding","end":16558488,"seq_region_name":"X","strand":-1,"id":"FBgn0015336","start":16554926},{"source":"FlyBase","logic_name":"flybase","feature_type":"gene","external_name":"CG13012","description":null,"assembly_name":"BDGP5","biotype":"protein_coding","end":16567059,"seq_region_name":"X","strand":-1,"id":"FBgn0030769","start":16562851},{"source":"FlyBase","logic_name":"flybase","feature_type":"gene","external_name":"CG13010","description":null,"assembly_name":"BDGP5","biotype":"protein_coding","end":16572978,"seq_region_name":"X","strand":-1,"id":"FBgn0030770","start":16572298},{"source":"FlyBase","logic_name":"flybase","feature_type":"gene","external_name":"sing","description":"singles bar [Source:FlyBase gene name;Acc:FBgn0261245]","assembly_name":"BDGP5","biotype":"protein_coding","end":16575817,"seq_region_name":"X","strand":1,"id":"FBgn0261245","start":16573330},{"source":"FlyBase","logic_name":"flybase","feature_type":"gene","external_name":"Axs","description":"Abnormal X segregation [Source:FlyBase gene name;Acc:FBgn0000152]","assembly_name":"BDGP5","biotype":"protein_coding","end":16577928,"seq_region_name":"X","strand":-1,"id":"FBgn0000152","start":16574122},{"source":"FlyBase","logic_name":"flybase","feature_type":"gene","external_name":"Sep4","description":"Septin 4 [Source:FlyBase gene name;Acc:FBgn0259923]","assembly_name":"BDGP5","biotype":"protein_coding","end":16589206,"seq_region_name":"X","strand":-1,"id":"FBgn0259923","start":16578244},{"source":"FlyBase","logic_name":"flybase","feature_type":"gene","external_name":"CG4678","description":null,"assembly_name":"BDGP5","biotype":"protein_coding","end":16605178,"seq_region_name":"X","strand":1,"id":"FBgn0030778","start":16590165},{"source":"FlyBase","logic_name":"flybase","feature_type":"gene","external_name":"CG9676","description":null,"assembly_name":"BDGP5","biotype":"protein_coding","end":16594203,"seq_region_name":"X","strand":-1,"id":"FBgn0030773","start":16593185},{"source":"FlyBase","logic_name":"flybase","feature_type":"gene","external_name":"spheroide","description":"spheroide [Source:FlyBase gene name;Acc:FBgn0030774]","assembly_name":"BDGP5","biotype":"protein_coding","end":16595978,"seq_region_name":"X","strand":-1,"id":"FBgn0030774","start":16594479},{"source":"FlyBase","logic_name":"flybase","feature_type":"gene","external_name":"CG9673","description":null,"assembly_name":"BDGP5","biotype":"protein_coding","end":16597912,"seq_region_name":"X","strand":-1,"id":"FBgn0030775","start":16596906},{"source":"FlyBase","logic_name":"flybase","feature_type":"gene","external_name":"CG4653","description":null,"assembly_name":"BDGP5","biotype":"protein_coding","end":16599311,"seq_region_name":"X","strand":1,"id":"FBgn0030776","start":16598114},{"source":"FlyBase","logic_name":"flybase","feature_type":"gene","external_name":"CG9672","description":null,"assembly_name":"BDGP5","biotype":"protein_coding","end":16600903,"seq_region_name":"X","strand":-1,"id":"FBgn0030777","start":16600004},{"source":"FlyBase","logic_name":"flybase","feature_type":"gene","external_name":"CG13008","description":null,"assembly_name":"BDGP5","biotype":"protein_coding","end":16608405,"seq_region_name":"X","strand":1,"id":"FBgn0030780","start":16605336},{"source":"FlyBase","logic_name":"flybase","feature_type":"gene","external_name":"CG34325","description":null,"assembly_name":"BDGP5","biotype":"protein_coding","end":16615440,"seq_region_name":"X","strand":-1,"id":"FBgn0085354","start":16608480}]