[{"objects":["gene","transcript"],"groups":["core"],"biotype":"pre_miRNA"},{"objects":["transcript"],"groups":["core"],"biotype":"nontranslated_CDS"},{"objects":["gene","transcript"],"groups":["core"],"biotype":"pseudogene"},{"objects":["gene","transcript"],"groups":["core"],"biotype":"snRNA"},{"objects":["gene","transcript"],"groups":["core"],"biotype":"rRNA"},{"objects":["gene","transcript"],"groups":["core"],"biotype":"snoRNA"},{"objects":["gene","transcript"],"groups":["core"],"biotype":"protein_coding"},{"objects":["gene","transcript"],"groups":["core"],"biotype":"ncRNA"},{"objects":["gene","transcript"],"groups":["core"],"biotype":"tRNA"},{"objects":["transcript"],"groups":["core"],"biotype":"miRNA"}]