{
  "karyotype": [
    "2L",
    "2R",
    "3L",
    "3R",
    "X",
    "4",
    "dmel_mitochondrion_genome"
  ],
  "assembly_date": "2006-04",
  "genebuild_last_geneset_update": "2012-04",
  "assembly_name": "BDGP 5",
  "coord_system_versions": [
    "BDGP5"
  ],
  "top_level_region": [
    {
      "length": 347038,
      "name": "YHet",
      "coord_system": "chromosome"
    },
    {
      "length": 19517,
      "name": "dmel_mitochondrion_genome",
      "coord_system": "chromosome"
    },
    {
      "length": 23011544,
      "name": "2L",
      "coord_system": "chromosome"
    },
    {
      "length": 22422827,
      "name": "X",
      "coord_system": "chromosome"
    },
    {
      "length": 24543557,
      "name": "3L",
      "coord_system": "chromosome"
    },
    {
      "length": 1351857,
      "name": "4",
      "coord_system": "chromosome"
    },
    {
      "length": 21146708,
      "name": "2R",
      "coord_system": "chromosome"
    },
    {
      "length": 27905053,
      "name": "3R",
      "coord_system": "chromosome"
    },
    {
      "length": 29004656,
      "name": "Uextra",
      "coord_system": "chromosome"
    },
    {
      "length": 3288761,
      "name": "2RHet",
      "coord_system": "chromosome"
    },
    {
      "length": 368872,
      "name": "2LHet",
      "coord_system": "chromosome"
    },
    {
      "length": 2555491,
      "name": "3LHet",
      "coord_system": "chromosome"
    },
    {
      "length": 2517507,
      "name": "3RHet",
      "coord_system": "chromosome"
    },
    {
      "length": 10049037,
      "name": "U",
      "coord_system": "chromosome"
    },
    {
      "length": 204112,
      "name": "XHet",
      "coord_system": "chromosome"
    }
  ],
  "assembly_accession": "GCA_000001215.1",
  "genebuild_initial_release_date": "2012-04",
  "genebuild_start_date": "2012-04-FlyBase",
  "genebuild_method": "import",
  "default_coord_system_version": "BDGP5"
}