{
  "classes": {
    "default": "#000000",
    "das": "#000080",
    "user": "#cd3700",
    "url": "#8b0000",
    "tmp": "#8b5a2b"
  },
  "densities": {
    "codingdensity": "#f3895c",
    "shortnoncodingdensity": "#0000ff",
    "longnoncodingdensity": "#0000ff",
    "pseudogenedensity": "#666666",
    "percentgc": "#ff0000",
    "percentagerepeat": "#000000",
    "snpdensity": "#ffa500"
  },
  "ideogram": {
    "tip": "#708090",
    "gpos100": "#000000",
    "gpos75": "#666666",
    "gpos66": "#7f7f7f",
    "gpos50": "#999999",
    "gpos33": "#bfbfbf",
    "gpos25": "#d9d9d9",
    "gpos": "#000000",
    "gvar": "#e0e0e0",
    "gneg": "#ffffff",
    "acen": "#708090",
    "stalk": "#708090",
    "mark": "#0000ff"
  },
  "supercontigs": {
    "col": "#0000ff",
    "col_ctgs1": "#00ff00",
    "col_ctgs2": "#006400"
  },
  "feature": {
    "default": "#0000ff",
    "cdna": "#66cd00",
    "protein": "#ffd700",
    "est": "#912cee",
    "rna": "#ee6aa7",
    "exon_support": "#7ac5cd",
    "intron_support": "#53868b",
    "intron_support_non_can": "#ff0000",
    "tss_support": "#ff0000",
    "oligo": "#006400",
    "blast": "#ff0000",
    "tmp_file": "#404040",
    "url": "#ff0000",
    "reference": "#0000ff",
    "patch_novel_ref": "#cd0000",
    "patch_novel": "#cd0000",
    "patch_fix_ref": "#228b22",
    "patch_fix": "#228b22",
    "non_can_intron": "#ff0000",
    "evi_missing": "#ff0000",
    "evi_extra": "#0000ff",
    "evi_long": "#ff0000",
    "evi_short": "#0000ff",
    "evidence_removed": "#999999"
  },
  "simple": {
    "default": "#ff0000",
    "trna": "#ffa500",
    "cpg": "#ee82ee",
    "eponine": "#00ff00",
    "ikmc_mice_available": "#008b00",
    "ikmc_es_cells_available": "#eec900",
    "ikmc_vector_available": "#cd0000",
    "ikmc_no_products_available_yet": "#666666",
    "human_1kg_hapmap_phase_2": "#0000ff"
  },
  "alternative_assembly": {
    "default": "#458b00"
  },
  "alternative_clones": {
    "older_clone": "#ee3b3b",
    "newer_clone": "#66cd00",
    "same_clone": "#9999ff"
  },
  "clone": {
    "free": "#cccccc",
    "phase0ac": "#eed2ee",
    "committed": "#9370db",
    "predraftac": "#dda0dd",
    "redundant": "#cccccc",
    "reserved": "#cccccc",
    "draftac": "#eec900",
    "finishac": "#cdad00",
    "selected": "#00ff00",
    "abandoned": "#cccccc",
    "accessioned": "#eed2ee",
    "unknown": "#cccccc",
    "default": "#cccccc",
    "seq_len": "#000000",
    "fish_tag": "#000000",
    "bacend": "#000000",
    "conflict_tbc": "#ff0000",
    "conflict": "#ff0000",
    "consistent": "#66cd00",
    "consistent_tbc": "#66cd00",
    "unmapped": "#cccccc",
    "supercontig": "#00ff00",
    "superctgs": "#00ff00"
  },
  "repeat": {
    "repeat": "#cccccc"
  },
  "marker": {
    "default": "#ff00ff",
    "est": "#ff00ff",
    "microsatellite": "#8b668b"
  },
  "gene": {
    "default": "#ffa500",
    "protein": "#0000ff",
    "protein_coding": "#f3895c",
    "pseudogene": "#666666",
    "processed_pseudogene": "#666666",
    "unprocessed_pseudogene": "#666666",
    "polymorphic_pseudogene": "#666666",
    "translated_processed_pseudogene": "#666666",
    "transcribed_processed_pseudogene": "#666666",
    "transcribed_unprocessed_pseudogene": "#666666",
    "translated_unprocessed_pseudogene": "#666666",
    "rrna_pseudogene": "#666666",
    "unitary_pseudogene": "#666666",
    "misc_rna_pseudogene": "#666666",
    "mt_trna_pseudogene": "#666666",
    "snorna_pseudogene": "#666666",
    "scrna_pseudogene": "#666666",
    "trna_pseudogene": "#666666",
    "ig_pseudogene": "#666666",
    "ig_c_pseudogene": "#666666",
    "ig_j_pseudogene": "#666666",
    "ig_v_pseudogene": "#666666",
    "tr_pseudogene": "#666666",
    "mirna_pseudogene": "#666666",
    "ncrna_pseudogene": "#666666",
    "snrna_pseudogene": "#666666",
    "tr_v_pseudogene": "#666666",
    "tr_j_pseudogene": "#666666",
    "sense_intronic": "#0000ff",
    "sense_overlapping": "#0000ff",
    "processed_transcript": "#0000ff",
    "nonsense_mediated_decay": "#0000ff",
    "non_stop_decay": "#0000ff",
    "antisense": "#0000ff",
    "retained_intron": "#0000ff",
    "tec": "#0000ff",
    "non_coding": "#0000ff",
    "ambiguous_orf": "#0000ff",
    "disrupted_domain": "#0000ff",
    "3prime_overlapping_ncrna": "#0000ff",
    "lincrna": "#8b668b",
    "mirna": "#8b668b",
    "pre_mirna": "#8b668b",
    "rna": "#8b668b",
    "rrna": "#8b668b",
    "snrna": "#8b668b",
    "trna": "#8b668b",
    "snorna": "#8b668b",
    "mt_rrna": "#8b668b",
    "mt_trna": "#8b668b",
    "misc_rna": "#8b668b",
    "ncrna": "#8b668b",
    "ncrna_host": "#8b668b",
    "snlrna": "#8b668b",
    "ig_c_gene": "#cd6600",
    "ig_d_gene": "#cd853f",
    "ig_j_gene": "#ee9a49",
    "ig_lv_gene": "#ff7f00",
    "ig_m_gene": "#cd853f",
    "ig_v_gene": "#8b4500",
    "ig_z_gene": "#ee7621",
    "tr_gene": "#ee7600",
    "tr_c_gene": "#ee7600",
    "tr_d_gene": "#ee7600",
    "tr_j_gene": "#ee7600",
    "tr_v_gene": "#ee7600",
    "estgene": "#912cee",
    "singapore_est": "#912cee",
    "ensembl_projection_protein_coding": "#a52a2a",
    "ensembl_projection_pseudogene": "#b3b3b3",
    "merged": "#cd9b1d",
    "nontranslated_cds": "#00008b",
    "ccds_import": "#66cd00",
    "refseq_human_import": "#00008b",
    "refseq_mouse_import": "#00008b",
    "zfish_rnaseq": "#00008b",
    "gorilla_rnaseq": "#00008b",
    "human_rnaseq": "#00008b",
    "devil_rnaseq": "#00008b",
    "chimp_swiss_pooled_brain_rnaseq": "#00008b",
    "otter_protein_coding": "#104e8b",
    "otter_protein_coding_in_progress": "#1874cd",
    "otter_processed_transcript": "#6ca6cd",
    "otter_polymorphic": "#6ca6cd",
    "otter_disrupted_domain": "#6ca6cd",
    "otter_nonsense_mediated_decay": "#6ca6cd",
    "otter_ambiguous_orf": "#6ca6cd",
    "otter_antisense": "#6ca6cd",
    "otter_retained_intron": "#6ca6cd",
    "otter_non_coding": "#6ca6cd",
    "otter_non_stop_decay": "#6ca6cd",
    "otter_sense_intronic": "#6ca6cd",
    "otter_ncrna_host": "#6ca6cd",
    "otter_lincrna": "#6ca6cd",
    "otter_rrna": "#6ca6cd",
    "otter_sense_overlapping": "#6ca6cd",
    "otter_3prime_overlapping_ncrna": "#6ca6cd",
    "otter_pseudogene": "#cd1076",
    "otter_processed_pseudogene": "#cd1076",
    "otter_unprocessed_pseudogene": "#cd1076",
    "otter_transcribed_pseudogene": "#cd1076",
    "otter_translated_processed_pseudogene": "#cd1076",
    "otter_transcribed_processed_pseudogene": "#cd1076",
    "otter_transcribed_unprocessed_pseudogene": "#cd1076",
    "otter_translated_unprocessed_pseudogene": "#cd1076",
    "otter_transcribed_unitary_pseudogene": "#cd1076",
    "otter_unitary_pseudogene": "#cd1076",
    "otter_polymorphic_pseudogene": "#cd1076",
    "otter_ig_pseudogene": "#cd1076",
    "otter_tr_pseudogene": "#cd1076",
    "otter_ig_gene": "#000080",
    "otter_tr_gene": "#000080",
    "otter_tec": "#8470ff",
    "otter_external_protein_coding": "#ee4000",
    "otter_external_processed_transcript": "#ee9572",
    "otter_external_polymorphic": "#ee9572",
    "otter_external_nonsense_mediated_decay": "#ee9572",
    "otter_external_antisense": "#ee9572",
    "otter_external_retained_intron": "#ee9572",
    "otter_external_sense_intronic": "#ee9572",
    "otter_external_lincrna": "#ee9572",
    "otter_external_pseudogene": "#ff1493",
    "otter_external_processed_pseudogene": "#ff1493",
    "otter_external_transcribed_processed_pseudogene": "#ff1493",
    "otter_external_transcribed_unprocessed_pseudogene": "#ff1493",
    "otter_external_unprocessed_pseudogene": "#ff1493",
    "otter_external_transcribed_pseudogene": "#ff1493",
    "otter_external_ig_pseudogene": "#ff1493",
    "otter_external_ig_gene": "#cd661d",
    "otter_external_tec": "#ffa07a",
    "coding_join": "#cd0000",
    "noncoding_join": "#cd0000",
    "orthologue_join": "#0000ff",
    "orthologue_multi_join": "#000080",
    "possible_ortholog_join": "#a020f0",
    "paralogue_join": "#ff0000",
    "projection_join": "#000000",
    "alt_alleles_join": "#ff7f24",
    "transposable_element_gene": "#0000ff",
    "tmrna": "#8b668b",
    "srp_rna": "#8b668b",
    "rnase_p_rna": "#8b668b"
  },
  "prediction": {
    "genscan": "#20b2aa",
    "fgenesh": "#bdb76b",
    "snap": "#698b69",
    "slam": "#006400"
  },
  "qtl": {
    "default": "#e9967a",
    "flank_marker_1": "#8b0000",
    "flank_marker_2": "#8b0000",
    "peak_marker": "#006400"
  },
  "assembly_exception": {
    "hap_ref": "#cd0000",
    "hap": "#cd0000",
    "par_ref": "#0000cd",
    "par": "#0000cd",
    "patch_novel_ref": "#cd0000",
    "patch_novel": "#cd0000",
    "patch_fix_ref": "#228b22",
    "patch_fix": "#228b22"
  },
  "annotation_status": {
    "NoAnnotation": "#999999"
  },
  "protein_feature": {
    "col1": "#d15fee",
    "col2": "#68228b",
    "prints": "#f3895c",
    "prositepatterns": "#ffa500",
    "scanprosite": "#ffa500",
    "prositeprofiles": "#00008b",
    "pfscan": "#00008b",
    "pfam": "#545454",
    "tigrfam": "#ff0000",
    "superfamily": "#0000ff",
    "smart": "#66cd00",
    "pirs": "#cdad00",
    "ncoils": "#00008b",
    "seg": "#eec900",
    "signalp": "#ffc0cb",
    "tmhmm": "#006400",
    "hi": "#00ff00",
    "default": "#ee82ee",
    "syn": "#00ff00",
    "snp": "#ffa500",
    "insert": "#0000ff",
    "delete": "#ff0000"
  },
  "sequence_markup": {
    "SEQ_EXON0": "#333333",
    "SEQ_EXON1": "#1044ee",
    "SEQ_EXON2": "#dd0000",
    "SEQ_EXONUTR": "#9400d3",
    "SEQ_EXONOTHER": "#ffebcd",
    "SEQ_EXONGENE": "#8b0000",
    "SEQ_EXONFLANK": "#008000",
    "SEQ_CODONC0": "#ffffff",
    "SEQ_CODONC1": "#fff9af",
    "SEQ_CODONUTR": "#ffdf33",
    "SEQ_CODON": "#fff9af",
    "SEQ_CONSERVATION": "#cfe6ff",
    "SEQ_DIFFERENCE": "#ffcccc",
    "SEQ_RESEQEUNCING": "#000000",
    "SEQ_REGION_CHANGE": "#000000",
    "SEQ_MAIN_SNP": "#ff0000",
    "SEQ_AMINOACID": "#ff0000",
    "SEQ_FAILED": "#999999"
  },
  "variation": {
    "default": "#7f7f7f",
    "sara": null,
    "intergenic_variant": "#636363",
    "intron_variant": "#add8e6",
    "upstream_gene_variant": "#a2b5cd",
    "downstream_gene_variant": "#a2b5cd",
    "5_prime_utr_variant": "#7ac5cd",
    "3_prime_utr_variant": "#7ac5cd",
    "splice_region_variant": "#ff7f50",
    "splice_donor_variant": "#ff7f50",
    "splice_acceptor_variant": "#ff7f50",
    "frameshift_variant": "#ff69b4",
    "transcript_ablation": "#ff0000",
    "transcript_amplification": "#ff69b4",
    "inframe_insertion": "#ff69b4",
    "inframe_deletion": "#ff69b4",
    "synonymous_variant": "#76ee00",
    "stop_retained_variant": "#76ee00",
    "missense_variant": "#ffd700",
    "initiator_codon_variant": "#ffd700",
    "stop_gained": "#ff0000",
    "stop_lost": "#ff0000",
    "mature_mirna_variant": "#458b00",
    "non_coding_exon_variant": "#32cd32",
    "nc_transcript_variant": "#32cd32",
    "no_consequence": "#68228b",
    "incomplete_terminal_codon_variant": "#ff00ff",
    "nmd_transcript_variant": "#ff4500",
    "hgmd_mutation": "#8b4513",
    "coding_sequence_variant": "#458b00",
    "failed": "#cccccc",
    "tfbs_ablation": "#a52a2a",
    "tfbs_amplification": "#a52a2a",
    "tf_binding_site_variant": "#a52a2a",
    "regulatory_region_variant": "#a52a2a",
    "regulatory_region_ablation": "#a52a2a",
    "regulatory_region_amplification": "#a52a2a"
  },
  "structural_variant": {
    "default": "#000000",
    "cnv": "#4682b4",
    "somatic_breakpoint_variant": "#ffd700",
    "copy_number_variation": "#000000",
    "insertion": "#ffd700",
    "mobile_element_insertion": "#ffd700",
    "novel_sequence_insertion": "#ffd700",
    "duplication": "#000000"
  },
  "haplotype": {
    "label": "#000000",
    "same": "#458b00",
    "different": "#68228b",
    "het": "#ff3636",
    "missing": "#ffffff"
  },
  "alignment": {
    "default": "#7f7f7f",
    "intron_variant": "#32cd32",
    "upstream_gene_variant": "#00fa9a",
    "downstream_gene_variant": "#00fa9a",
    "5_prime_utr_variant": "#bf3eff",
    "3_prime_utr_variant": "#bf3eff",
    "missense_variant": "#ff0000",
    "initiator_codon_variant": "#ffd700",
    "frameshift_variant": "#ffa500",
    "synonymous_variant": "#66cd00",
    "stop_gained": "#ff00ff",
    "stop_lost": "#ff00ff",
    "inframe_insertion": "#ff69b4",
    "inframe_deletion": "#ff69b4",
    "intergenic": "#7f7f7f"
  },
  "read_coverage": {
    "default": "#0000ff",
    "axis": "#ff0000",
    "score": "#add8e6"
  },
  "phenotype_feature": {
    "default": "#7f7f7f",
    "gene": "#ffa07a",
    "qtl": "#e9967a",
    "variation": "#ee9572",
    "structuralvariation": "#cd8162",
    "supportingstructuralvariation": "#cd8162"
  },
  "seq": {
    "default": "#cccccc",
    "g": "#ffec8b",
    "t": "#eea2ad",
    "c": "#b0c4de",
    "a": "#90ee90"
  },
  "rna_seq": {
    "default": "#cccccc",
    "g": "#ffec8b",
    "u": "#eea2ad",
    "c": "#b0c4de",
    "a": "#90ee90"
  },
  "codonseq": {
    "default": "#cccccc",
    "a": "#c1ffc1",
    "g": "#3cb371",
    "i": "#adff2f",
    "l": "#c0ff3e",
    "m": "#00ff00",
    "p": "#00ff7f",
    "v": "#9bcd9b",
    "f": "#afeeee",
    "h": "#00ced1",
    "w": "#87ceeb",
    "y": "#87cefa",
    "c": "#f0e68c",
    "d": "#ffd700",
    "e": "#ffb90f",
    "k": "#f08080",
    "r": "#bc8f8f",
    "n": "#eeaeee",
    "q": "#ffe1ff",
    "s": "#ab82ff",
    "t": "#e066ff"
  },
  "codons": {
    "default": "#000000",
    "start": "#00ff00",
    "stop": "#ff0000"
  },
  "regulatory_search_regions": {
    "default": "#ffbbff",
    "cisred_search": "#8b668b"
  },
  "fg_segmentation_features": {
    "predicted_repressed": "#7F7F7F",
    "ctcf": "#40E0D0",
    "predicted_enhancer": "#FACA00",
    "predicted_promoter": "#FF6969",
    "predicted_tss": "#FF0000",
    "predicted_region": "#00B050",
    "predicted_weak": "#FFFC04"
  },
  "fg_regulatory_features": {
    "default": "#bebebe",
    "promoter_associated": "#006400",
    "genic": "#0000ff",
    "non-genic": "#ff8c00",
    "unclassified": "#bebebe",
    "poliii_associated": "#6A3D9A"
  },
  "ctcf": {
    "default": "#0000ff",
    "axis": "#ff0000",
    "score": "#4682b4",
    "CD4": "#4a708b",
    "IMR90": "#4682b4",
    "K562": "#add8e6"
  },
  "feature_set": {
    "0": "#006400",
    "1": "#ffd700",
    "2": "#ff0000",
    "3": "#2e8b57",
    "4": "#0000ff",
    "5": "#cd5c5c",
    "6": "#3cb371",
    "7": "#a020f0",
    "8": "#87cefa",
    "9": "#32cd32",
    "10": "#4682b4",
    "11": "#6b8e23",
    "12": "#000080",
    "13": "#66cdaa",
    "14": "#ff7f50",
    "15": "#008b8b",
    "16": "#f0e68c",
    "17": "#4169e1",
    "18": "#008b8b",
    "19": "#a52a2a",
    "20": "#483d8b",
    "21": "#ff8c00",
    "22": "#b03060",
    "23": "#32cd32",
    "24": "#87cefa",
    "25": "#ff1493",
    "26": "#0000cd",
    "27": "#40e0d0",
    "28": "#8b0000",
    "29": "#8a2be2",
    "30": "#7fff00",
    "31": "#87ceeb",
    "32": "#2f4f4f",
    "33": "#ff83fa",
    "34": "#f4a460",
    "35": "#8b668b",
    "36": "#00ff7f",
    "37": "#ff0000",
    "38": "#008b8b",
    "39": "#a52a2a",
    "40": "#7cfc00",
    "41": "#4169e1",
    "42": "#ff1493",
    "43": "#006400",
    "44": "#6959cd",
    "45": "#00ffff",
    "46": "#cd5c5c",
    "47": "#b8860b",
    "48": "#483d8b",
    "49": "#ff8c00",
    "50": "#8a2be2",
    "51": "#7fff00",
    "52": "#87ceeb",
    "53": "#2f4f4f",
    "54": "#ff4500",
    "55": "#ba55d3",
    "default": "#4682b4"
  },
  "synteny": {
    "0": "#cd0000",
    "1": "#008b00",
    "2": "#008b8b",
    "3": "#0000cd",
    "4": "#cd661d",
    "5": "#a52a2a",
    "6": "#458b00",
    "7": "#404040",
    "8": "#8b0a50",
    "9": "#6959cd",
    "10": "#698b22",
    "11": "#8b7500",
    "12": "#8a2be2",
    "13": "#2e8b57",
    "14": "#cd3278"
  },
  "pairwise": {
    "blastz_net": "#ffc0cb",
    "blastz_net_tight": "#cd919e",
    "translated_blat": "#ff83fa",
    "translated_blat_net": "#ee7ae9",
    "default": "#ffc0cb"
  },
  "multiple": {
    "default": "#0000ff",
    "feature": "#eea9b8",
    "element": "#8b636c",
    "score": "#cd919e",
    "axis": "#0000ff"
  },
  "goimage": {
    "image_background": "#000000",
    "node_fill": "#666699",
    "node_fill_text": "#00008b",
    "node_font": "#ffffff",
    "node_border": "#000000",
    "goslim_goa_fill": "#000000",
    "goslim_goa_fill_text": "#000000",
    "goslim_goa_font": "#000000",
    "goslim_goa_border": "#FF8040",
    "non_highlight_fill": "#000000",
    "non_highlight_font": "#000000",
    "non_highlight_border": "#000000",
    "part_of": "#04B404",
    "is_a": "#0000FF"
  },
  "bam": {
    "default": "#cccccc",
    "g": "#ffec8b",
    "t": "#eea2ad",
    "c": "#b0c4de",
    "a": "#90ee90",
    "r": "#ff0000",
    "k": "#ff0000",
    "w": "#ff0000",
    "y": "#ff0000",
    "m": "#ff0000",
    "s": "#ff0000",
    "consensus": "#708090",
    "consensus_text": "#000000",
    "consensus_max": "#ff0000",
    "read": "#bebebe",
    "read_insert": "#ffc0cb",
    "type_regular": "#006400",
    "type_singleton": "#0000cd",
    "type_chimera": "#8b0000",
    "consensus_mismatch": "#ff0000",
    "consensus_match": "#7f7f7f",
    "highlight": "#ff0000"
  }
}