[{"source":"ensembl_havana","logic_name":"ensembl_havana_gene","version":"5","feature_type":"gene","external_name":"MMP26","description":"matrix metallopeptidase 26 [Source:HGNC Symbol;Acc:HGNC:14249]","assembly_name":"GRCh38","biotype":"protein_coding","end":4992429,"seq_region_name":"11","strand":1,"id":"ENSG00000167346","start":4704927},{"source":"havana","logic_name":"havana","version":"1","feature_type":"gene","external_name":"OR51F3P","description":"olfactory receptor, family 51, subfamily F, member 3 pseudogene [Source:HGNC Symbol;Acc:HGNC:31281]","assembly_name":"GRCh38","biotype":"unprocessed_pseudogene","end":4737078,"seq_region_name":"11","strand":-1,"id":"ENSG00000272559","start":4736178},{"source":"havana","logic_name":"havana","version":"1","feature_type":"gene","external_name":"OR51F4P","description":"olfactory receptor, family 51, subfamily F, member 4 pseudogene [Source:HGNC Symbol;Acc:HGNC:31282]","assembly_name":"GRCh38","biotype":"unprocessed_pseudogene","end":4752944,"seq_region_name":"11","strand":-1,"id":"ENSG00000273051","start":4752046},{"source":"ensembl","logic_name":"ncrna","version":"1","feature_type":"gene","external_name":"SNORA62","description":"Small nucleolar RNA SNORA62/SNORA6 family [Source:RFAM;Acc:RF00091]","assembly_name":"GRCh38","biotype":"snoRNA","end":4756797,"seq_region_name":"11","strand":1,"id":"ENSG00000201980","start":4756645},{"source":"ensembl","logic_name":"ensembl","version":"4","feature_type":"gene","external_name":"OR51F1","description":"olfactory receptor, family 51, subfamily F, member 1 [Source:HGNC Symbol;Acc:HGNC:15196]","assembly_name":"GRCh38","biotype":"protein_coding","end":4769917,"seq_region_name":"11","strand":-1,"id":"ENSG00000188069","start":4768979},{"source":"ensembl_havana","logic_name":"ensembl_havana_gene","version":"1","feature_type":"gene","external_name":"OR51F1","description":"olfactory receptor, family 51, subfamily F, member 1 [Source:HGNC Symbol;Acc:HGNC:15196]","assembly_name":"GRCh38","biotype":"polymorphic_pseudogene","end":4769938,"seq_region_name":"11","strand":-1,"id":"ENSG00000280021","start":4768979},{"source":"havana","logic_name":"havana","version":"6","feature_type":"gene","external_name":"OR51N1P","description":"olfactory receptor, family 51, subfamily N, member 1 pseudogene [Source:HGNC Symbol;Acc:HGNC:14757]","assembly_name":"GRCh38","biotype":"unprocessed_pseudogene","end":4787705,"seq_region_name":"11","strand":1,"id":"ENSG00000176951","start":4786754},{"source":"havana","logic_name":"havana","version":"1","feature_type":"gene","external_name":"OR52Y1P","description":"olfactory receptor, family 52, subfamily Y, member 1 pseudogene [Source:HGNC Symbol;Acc:HGNC:15240]","assembly_name":"GRCh38","biotype":"unprocessed_pseudogene","end":4795284,"seq_region_name":"11","strand":-1,"id":"ENSG00000231070","start":4793778},{"source":"ensembl","logic_name":"ensembl","version":"9","feature_type":"gene","external_name":"OR52R1","description":"olfactory receptor, family 52, subfamily R, member 1 [Source:HGNC Symbol;Acc:HGNC:15235]","assembly_name":"GRCh38","biotype":"protein_coding","end":4804380,"seq_region_name":"11","strand":-1,"id":"ENSG00000176937","start":4803433},{"source":"ensembl_havana","logic_name":"ensembl_havana_gene","version":"1","feature_type":"gene","external_name":"OR52R1","description":"olfactory receptor, family 52, subfamily R, member 1 [Source:HGNC Symbol;Acc:HGNC:15235]","assembly_name":"GRCh38","biotype":"polymorphic_pseudogene","end":4804380,"seq_region_name":"11","strand":-1,"id":"ENSG00000279270","start":4803433},{"source":"ensembl_havana","logic_name":"ensembl_havana_gene","version":"6","feature_type":"gene","external_name":"OR51F2","description":"olfactory receptor, family 51, subfamily F, member 2 [Source:HGNC Symbol;Acc:HGNC:15197]","assembly_name":"GRCh38","biotype":"protein_coding","end":4822414,"seq_region_name":"11","strand":1,"id":"ENSG00000176925","start":4821386},{"source":"havana","logic_name":"havana","version":"3","feature_type":"gene","external_name":"OR51A8P","description":"olfactory receptor, family 51, subfamily A, member 8 pseudogene [Source:HGNC Symbol;Acc:HGNC:15189]","assembly_name":"GRCh38","biotype":"unprocessed_pseudogene","end":4833072,"seq_region_name":"11","strand":1,"id":"ENSG00000197984","start":4832133},{"source":"ensembl_havana","logic_name":"ensembl_havana_gene","version":"3","feature_type":"gene","external_name":"OR51S1","description":"olfactory receptor, family 51, subfamily S, member 1 [Source:HGNC Symbol;Acc:HGNC:15204]","assembly_name":"GRCh38","biotype":"protein_coding","end":4849208,"seq_region_name":"11","strand":-1,"id":"ENSG00000176922","start":4848237},{"source":"havana","logic_name":"havana","version":"1","feature_type":"gene","external_name":"OR51H1P","description":"olfactory receptor, family 51, subfamily H, member 1 pseudogene [Source:HGNC Symbol;Acc:HGNC:14833]","assembly_name":"GRCh38","biotype":"protein_coding","end":4860564,"seq_region_name":"11","strand":-1,"id":"ENSG00000176904","start":4859656},{"source":"havana","logic_name":"havana","version":"3","feature_type":"gene","external_name":"OR51H2P","description":"olfactory receptor, family 51, subfamily H, member 2 pseudogene [Source:HGNC Symbol;Acc:HGNC:15199]","assembly_name":"GRCh38","biotype":"unprocessed_pseudogene","end":4877462,"seq_region_name":"11","strand":1,"id":"ENSG00000198217","start":4876557},{"source":"ensembl_havana","logic_name":"ensembl_havana_gene","version":"2","feature_type":"gene","external_name":"OR51T1","description":"olfactory receptor, family 51, subfamily T, member 1 [Source:HGNC Symbol;Acc:HGNC:15205]","assembly_name":"GRCh38","biotype":"protein_coding","end":4882883,"seq_region_name":"11","strand":1,"id":"ENSG00000176900","start":4881819},{"source":"havana","logic_name":"havana","version":"6","feature_type":"gene","external_name":"OR51A6P","description":"olfactory receptor, family 51, subfamily A, member 6 pseudogene [Source:HGNC Symbol;Acc:HGNC:15187]","assembly_name":"GRCh38","biotype":"unprocessed_pseudogene","end":4890596,"seq_region_name":"11","strand":-1,"id":"ENSG00000197023","start":4889593},{"source":"ensembl_havana","logic_name":"ensembl_havana_gene","version":"8","feature_type":"gene","external_name":"OR51A7","description":"olfactory receptor, family 51, subfamily A, member 7 [Source:HGNC Symbol;Acc:HGNC:15188]","assembly_name":"GRCh38","biotype":"protein_coding","end":4908308,"seq_region_name":"11","strand":1,"id":"ENSG00000176895","start":4907370},{"source":"ensembl_havana","logic_name":"ensembl_havana_gene","version":"4","feature_type":"gene","external_name":"OR51G2","description":"olfactory receptor, family 51, subfamily G, member 2 [Source:HGNC Symbol;Acc:HGNC:15198]","assembly_name":"GRCh38","biotype":"protein_coding","end":4915663,"seq_region_name":"11","strand":-1,"id":"ENSG00000176893","start":4914719},{"source":"ensembl_havana","logic_name":"ensembl_havana_gene","version":"1","feature_type":"gene","external_name":"OR51G1","description":"olfactory receptor, family 51, subfamily G, member 1 [Source:HGNC Symbol;Acc:HGNC:14738]","assembly_name":"GRCh38","biotype":"polymorphic_pseudogene","end":4924407,"seq_region_name":"11","strand":-1,"id":"ENSG00000278870","start":4923301},{"source":"ensembl","logic_name":"ensembl","version":"3","feature_type":"gene","external_name":"OR51G1","description":"olfactory receptor, family 51, subfamily G, member 1 [Source:HGNC Symbol;Acc:HGNC:14738]","assembly_name":"GRCh38","biotype":"protein_coding","end":4924339,"seq_region_name":"11","strand":-1,"id":"ENSG00000176879","start":4923374},{"source":"havana","logic_name":"havana","version":"1","feature_type":"gene","external_name":"OR51A3P","description":"olfactory receptor, family 51, subfamily A, member 3 pseudogene [Source:HGNC Symbol;Acc:HGNC:14794]","assembly_name":"GRCh38","biotype":"unprocessed_pseudogene","end":4938294,"seq_region_name":"11","strand":-1,"id":"ENSG00000227023","start":4937371},{"source":"ensembl_havana","logic_name":"ensembl_havana_gene","version":"3","feature_type":"gene","external_name":"OR51A4","description":"olfactory receptor, family 51, subfamily A, member 4 [Source:HGNC Symbol;Acc:HGNC:14795]","assembly_name":"GRCh38","biotype":"protein_coding","end":4947100,"seq_region_name":"11","strand":-1,"id":"ENSG00000205497","start":4946159},{"source":"ensembl_havana","logic_name":"ensembl_havana_gene","version":"1","feature_type":"gene","external_name":"OR51A2","description":"olfactory receptor, family 51, subfamily A, member 2 [Source:HGNC Symbol;Acc:HGNC:14764]","assembly_name":"GRCh38","biotype":"protein_coding","end":4955713,"seq_region_name":"11","strand":-1,"id":"ENSG00000205496","start":4954772},{"source":"havana","logic_name":"havana","version":"1","feature_type":"gene","external_name":"OR51A5P","description":"olfactory receptor, family 51, subfamily A, member 5 pseudogene [Source:HGNC Symbol;Acc:HGNC:14801]","assembly_name":"GRCh38","biotype":"unprocessed_pseudogene","end":4973884,"seq_region_name":"11","strand":-1,"id":"ENSG00000225003","start":4972943},{"source":"ensembl_havana","logic_name":"ensembl_havana_gene","version":"1","feature_type":"gene","external_name":"OR51L1","description":"olfactory receptor, family 51, subfamily L, member 1 [Source:HGNC Symbol;Acc:HGNC:14759]","assembly_name":"GRCh38","biotype":"protein_coding","end":4999930,"seq_region_name":"11","strand":1,"id":"ENSG00000176798","start":4998983},{"source":"havana","logic_name":"havana","version":"1","feature_type":"gene","external_name":"OR51P1P","description":"olfactory receptor, family 51, subfamily P, member 1 pseudogene [Source:HGNC Symbol;Acc:HGNC:14762]","assembly_name":"GRCh38","biotype":"unprocessed_pseudogene","end":5016079,"seq_region_name":"11","strand":1,"id":"ENSG00000224300","start":5015138},{"source":"havana","logic_name":"havana","version":"1","feature_type":"gene","external_name":"OR52J2P","description":"olfactory receptor, family 52, subfamily J, member 2 pseudogene [Source:HGNC Symbol;Acc:HGNC:14797]","assembly_name":"GRCh38","biotype":"unprocessed_pseudogene","end":5037951,"seq_region_name":"11","strand":1,"id":"ENSG00000230261","start":5037013},{"source":"ensembl_havana","logic_name":"ensembl_havana_gene","version":"1","feature_type":"gene","external_name":"OR52J3","description":"olfactory receptor, family 52, subfamily J, member 3 [Source:HGNC Symbol;Acc:HGNC:14799]","assembly_name":"GRCh38","biotype":"protein_coding","end":5047461,"seq_region_name":"11","strand":1,"id":"ENSG00000205495","start":5046526},{"source":"ensembl_havana","logic_name":"ensembl_havana_gene","version":"2","feature_type":"gene","external_name":"OR52E2","description":"olfactory receptor, family 52, subfamily E, member 2 [Source:HGNC Symbol;Acc:HGNC:14769]","assembly_name":"GRCh38","biotype":"protein_coding","end":5059627,"seq_region_name":"11","strand":-1,"id":"ENSG00000176787","start":5058650},{"source":"havana","logic_name":"havana","version":"1","feature_type":"gene","external_name":"OR52E1","description":null,"assembly_name":"GRCh38","biotype":"polymorphic_pseudogene","end":5070497,"seq_region_name":"11","strand":1,"id":"ENSG00000273085","start":5069572},{"source":"ensembl","logic_name":"ensembl","version":"3","feature_type":"gene","external_name":"OR52E1","description":"olfactory receptor, family 52, subfamily E, member 1 (gene/pseudogene) [Source:HGNC Symbol;Acc:HGNC:14766]","assembly_name":"GRCh38","biotype":"pseudogene","end":5070461,"seq_region_name":"11","strand":1,"id":"ENSG00000236621","start":5069572},{"source":"havana","logic_name":"havana","version":"1","feature_type":"gene","external_name":"OR52S1P","description":"olfactory receptor, family 52, subfamily S, member 1 pseudogene [Source:HGNC Symbol;Acc:HGNC:14805]","assembly_name":"GRCh38","biotype":"unprocessed_pseudogene","end":5077066,"seq_region_name":"11","strand":-1,"id":"ENSG00000237354","start":5076130},{"source":"havana","logic_name":"havana","version":"1","feature_type":"gene","external_name":"OR52E3P","description":"olfactory receptor, family 52, subfamily E, member 3 pseudogene [Source:HGNC Symbol;Acc:HGNC:14793]","assembly_name":"GRCh38","biotype":"unprocessed_pseudogene","end":5093611,"seq_region_name":"11","strand":1,"id":"ENSG00000226157","start":5092676},{"source":"havana","logic_name":"havana","version":"3","feature_type":"gene","external_name":"OR52J1P","description":"olfactory receptor, family 52, subfamily J, member 1 pseudogene [Source:HGNC Symbol;Acc:HGNC:14760]","assembly_name":"GRCh38","biotype":"unprocessed_pseudogene","end":5105084,"seq_region_name":"11","strand":1,"id":"ENSG00000203560","start":5104153},{"source":"havana","logic_name":"havana","version":"1","feature_type":"gene","external_name":"AC113331.9","description":null,"assembly_name":"GRCh38","biotype":"lincRNA","end":5107530,"seq_region_name":"11","strand":-1,"id":"ENSG00000236897","start":5106062},{"source":"havana","logic_name":"havana","version":"7","feature_type":"gene","external_name":"OR52A4","description":"olfactory receptor, family 52, subfamily A, member 4 [Source:HGNC Symbol;Acc:HGNC:19579]","assembly_name":"GRCh38","biotype":"transcribed_unprocessed_pseudogene","end":5124513,"seq_region_name":"11","strand":-1,"id":"ENSG00000205494","start":5120621},{"source":"havana","logic_name":"havana","version":"1","feature_type":"gene","external_name":"OR52A5","description":"olfactory receptor, family 52, subfamily A, member 5 [Source:HGNC Symbol;Acc:HGNC:19580]","assembly_name":"GRCh38","biotype":"protein_coding","end":5132642,"seq_region_name":"11","strand":-1,"id":"ENSG00000171944","start":5131692},{"source":"ensembl_havana","logic_name":"ensembl_havana_gene","version":"4","feature_type":"gene","external_name":"OR52A1","description":"olfactory receptor, family 52, subfamily A, member 1 [Source:HGNC Symbol;Acc:HGNC:8318]","assembly_name":"GRCh38","biotype":"protein_coding","end":5186382,"seq_region_name":"11","strand":-1,"id":"ENSG00000182070","start":5151009},{"source":"havana","logic_name":"havana","version":"6","feature_type":"gene","external_name":"OR51A1P","description":"olfactory receptor, family 51, subfamily A, member 1 pseudogene [Source:HGNC Symbol;Acc:HGNC:8316]","assembly_name":"GRCh38","biotype":"unitary_pseudogene","end":5171296,"seq_region_name":"11","strand":-1,"id":"ENSG00000176752","start":5170351},{"source":"havana","logic_name":"havana","version":"5","feature_type":"gene","external_name":"OR52Z1","description":"olfactory receptor, family 52, subfamily Z, member 1 (gene/pseudogene) [Source:HGNC Symbol;Acc:HGNC:19596]","assembly_name":"GRCh38","biotype":"polymorphic_pseudogene","end":5178610,"seq_region_name":"11","strand":-1,"id":"ENSG00000176748","start":5177714},{"source":"ensembl_havana","logic_name":"ensembl_havana_gene","version":"1","feature_type":"gene","external_name":"OR51V1","description":"olfactory receptor, family 51, subfamily V, member 1 [Source:HGNC Symbol;Acc:HGNC:19597]","assembly_name":"GRCh38","biotype":"protein_coding","end":5200700,"seq_region_name":"11","strand":-1,"id":"ENSG00000176742","start":5199735},{"source":"havana","logic_name":"havana","version":"1","feature_type":"gene","external_name":"AC104389.16","description":null,"assembly_name":"GRCh38","biotype":"antisense","end":5207308,"seq_region_name":"11","strand":1,"id":"ENSG00000224091","start":5205041},{"source":"ensembl","logic_name":"ncrna","version":"1","feature_type":"gene","external_name":"CoTC_ribozyme","description":"Beta-globin co-transcriptional cleavage ribozyme [Source:RFAM;Acc:RF00621]","assembly_name":"GRCh38","biotype":"misc_RNA","end":5224639,"seq_region_name":"11","strand":-1,"id":"ENSG00000221031","start":5224448},{"source":"ensembl_havana","logic_name":"ensembl_havana_gene","version":"2","feature_type":"gene","external_name":"HBB","description":"hemoglobin, beta [Source:HGNC Symbol;Acc:HGNC:4827]","assembly_name":"GRCh38","biotype":"protein_coding","end":5229395,"seq_region_name":"11","strand":-1,"id":"ENSG00000244734","start":5225464},{"source":"ensembl_havana","logic_name":"ensembl_havana_gene","version":"5","feature_type":"gene","external_name":"HBD","description":"hemoglobin, delta [Source:HGNC Symbol;Acc:HGNC:4829]","assembly_name":"GRCh38","biotype":"protein_coding","end":5235370,"seq_region_name":"11","strand":-1,"id":"ENSG00000223609","start":5232678},{"source":"havana","logic_name":"havana","version":"1","feature_type":"gene","external_name":"HBBP1","description":"hemoglobin, beta pseudogene 1 [Source:HGNC Symbol;Acc:HGNC:4828]","assembly_name":"GRCh38","biotype":"transcribed_unprocessed_pseudogene","end":5243537,"seq_region_name":"11","strand":-1,"id":"ENSG00000229988","start":5241954},{"source":"havana","logic_name":"havana","version":"1","feature_type":"gene","external_name":"BGLT3","description":"beta globin locus transcript 3 (non-protein coding) [Source:HGNC Symbol;Acc:HGNC:49033]","assembly_name":"GRCh38","biotype":"sense_overlapping","end":5245547,"seq_region_name":"11","strand":-1,"id":"ENSG00000260629","start":5244554},{"source":"ensembl_havana","logic_name":"ensembl_havana_gene","version":"5","feature_type":"gene","external_name":"HBG1","description":"hemoglobin, gamma A [Source:HGNC Symbol;Acc:HGNC:4831]","assembly_name":"GRCh38","biotype":"protein_coding","end":5249892,"seq_region_name":"11","strand":-1,"id":"ENSG00000213934","start":5248083},{"source":"ensembl_havana","logic_name":"ensembl_havana_gene","version":"10","feature_type":"gene","external_name":"HBG2","description":"hemoglobin, gamma G [Source:HGNC Symbol;Acc:HGNC:4832]","assembly_name":"GRCh38","biotype":"protein_coding","end":5645789,"seq_region_name":"11","strand":-1,"id":"ENSG00000196565","start":5248274},{"source":"ensembl","logic_name":"ensembl","version":"1","feature_type":"gene","external_name":"AC104389.2","description":null,"assembly_name":"GRCh38","biotype":"protein_coding","end":5249858,"seq_region_name":"11","strand":1,"id":"ENSG00000279824","start":5248449},{"source":"ensembl","logic_name":"ensembl","version":"1","feature_type":"gene","external_name":"AC104389.1","description":null,"assembly_name":"GRCh38","biotype":"protein_coding","end":5254782,"seq_region_name":"11","strand":1,"id":"ENSG00000279346","start":5253367},{"source":"ensembl_havana","logic_name":"ensembl_havana_gene","version":"3","feature_type":"gene","external_name":"HBE1","description":"hemoglobin, epsilon 1 [Source:HGNC Symbol;Acc:HGNC:4830]","assembly_name":"GRCh38","biotype":"protein_coding","end":5505617,"seq_region_name":"11","strand":-1,"id":"ENSG00000213931","start":5268345},{"source":"havana","logic_name":"havana","version":"1","feature_type":"gene","external_name":"OR51AB1P","description":"olfactory receptor, family 51, subfamily AB, member 1 pseudogene [Source:HGNC Symbol;Acc:HGNC:31278]","assembly_name":"GRCh38","biotype":"unprocessed_pseudogene","end":5292380,"seq_region_name":"11","strand":-1,"id":"ENSG00000229093","start":5291761},{"source":"ensembl_havana","logic_name":"ensembl_havana_gene","version":"3","feature_type":"gene","external_name":"OR51B4","description":"olfactory receptor, family 51, subfamily B, member 4 [Source:HGNC Symbol;Acc:HGNC:14708]","assembly_name":"GRCh38","biotype":"protein_coding","end":5301996,"seq_region_name":"11","strand":-1,"id":"ENSG00000183251","start":5301014},{"source":"havana","logic_name":"havana","version":"5","feature_type":"gene","external_name":"OR51B5","description":"olfactory receptor, family 51, subfamily B, member 5 [Source:EntrezGene;Acc:282763]","assembly_name":"GRCh38","biotype":"processed_transcript","end":5505652,"seq_region_name":"11","strand":-1,"id":"ENSG00000167355","start":5304976},{"source":"havana","logic_name":"havana","version":"1","feature_type":"gene","external_name":"OR51B3P","description":"olfactory receptor, family 51, subfamily B, member 3 pseudogene [Source:HGNC Symbol;Acc:HGNC:14706]","assembly_name":"GRCh38","biotype":"unprocessed_pseudogene","end":5315684,"seq_region_name":"11","strand":-1,"id":"ENSG00000223735","start":5314772},{"source":"ensembl_havana","logic_name":"ensembl_havana_gene","version":"1","feature_type":"gene","external_name":"OR51B2","description":"olfactory receptor, family 51, subfamily B, member 2 [Source:HGNC Symbol;Acc:HGNC:14703]","assembly_name":"GRCh38","biotype":"polymorphic_pseudogene","end":5324352,"seq_region_name":"11","strand":-1,"id":"ENSG00000279012","start":5323311},{"source":"ensembl","logic_name":"ensembl","version":"3","feature_type":"gene","external_name":"OR51B2","description":"olfactory receptor, family 51, subfamily B, member 2 [Source:HGNC Symbol;Acc:HGNC:14703]","assembly_name":"GRCh38","biotype":"protein_coding","end":5324297,"seq_region_name":"11","strand":-1,"id":"ENSG00000184881","start":5323359},{"source":"havana","logic_name":"havana","version":"1","feature_type":"gene","external_name":"OR51B8P","description":"olfactory receptor, family 51, subfamily B, member 8 pseudogene [Source:HGNC Symbol;Acc:HGNC:31279]","assembly_name":"GRCh38","biotype":"unprocessed_pseudogene","end":5331360,"seq_region_name":"11","strand":-1,"id":"ENSG00000236359","start":5330592},{"source":"ensembl_havana","logic_name":"ensembl_havana_gene","version":"3","feature_type":"gene","external_name":"OR51B5","description":"olfactory receptor, family 51, subfamily B, member 5 [Source:HGNC Symbol;Acc:HGNC:19599]","assembly_name":"GRCh38","biotype":"protein_coding","end":5343524,"seq_region_name":"11","strand":-1,"id":"ENSG00000242180","start":5342586},{"source":"ensembl_havana","logic_name":"ensembl_havana_gene","version":"7","feature_type":"gene","external_name":"OR51B6","description":"olfactory receptor, family 51, subfamily B, member 6 [Source:HGNC Symbol;Acc:HGNC:19600]","assembly_name":"GRCh38","biotype":"protein_coding","end":5352446,"seq_region_name":"11","strand":1,"id":"ENSG00000176239","start":5351508},{"source":"havana","logic_name":"havana","version":"1","feature_type":"gene","external_name":"AC104389.31","description":null,"assembly_name":"GRCh38","biotype":"processed_pseudogene","end":5355578,"seq_region_name":"11","strand":1,"id":"ENSG00000230087","start":5354692},{"source":"havana","logic_name":"havana","version":"1","feature_type":"gene","external_name":"AC104389.32","description":null,"assembly_name":"GRCh38","biotype":"processed_pseudogene","end":5362849,"seq_region_name":"11","strand":1,"id":"ENSG00000236248","start":5362615},{"source":"ensembl_havana","logic_name":"ensembl_havana_gene","version":"4","feature_type":"gene","external_name":"OR51M1","description":"olfactory receptor, family 51, subfamily M, member 1 [Source:HGNC Symbol;Acc:HGNC:14847]","assembly_name":"GRCh38","biotype":"protein_coding","end":5390379,"seq_region_name":"11","strand":1,"id":"ENSG00000184698","start":5389399},{"source":"havana","logic_name":"havana","version":"1","feature_type":"gene","external_name":"OR51J1","description":"olfactory receptor, family 51, subfamily J, member 1 (gene/pseudogene) [Source:HGNC Symbol;Acc:HGNC:14856]","assembly_name":"GRCh38","biotype":"protein_coding","end":5403547,"seq_region_name":"11","strand":1,"id":"ENSG00000184321","start":5402597},{"source":"ensembl_havana","logic_name":"ensembl_havana_gene","version":"4","feature_type":"gene","external_name":"OR51Q1","description":"olfactory receptor, family 51, subfamily Q, member 1 (gene/pseudogene) [Source:HGNC Symbol;Acc:HGNC:14851]","assembly_name":"GRCh38","biotype":"protein_coding","end":5423206,"seq_region_name":"11","strand":1,"id":"ENSG00000167360","start":5422111},{"source":"havana","logic_name":"havana","version":"1","feature_type":"gene","external_name":"OR51K1P","description":"olfactory receptor, family 51, subfamily K, member 1 pseudogene [Source:HGNC Symbol;Acc:HGNC:15202]","assembly_name":"GRCh38","biotype":"unitary_pseudogene","end":5431602,"seq_region_name":"11","strand":-1,"id":"ENSG00000248424","start":5430653},{"source":"ensembl_havana","logic_name":"ensembl_havana_gene","version":"8","feature_type":"gene","external_name":"OR51I1","description":"olfactory receptor, family 51, subfamily I, member 1 [Source:HGNC Symbol;Acc:HGNC:15200]","assembly_name":"GRCh38","biotype":"protein_coding","end":5441514,"seq_region_name":"11","strand":-1,"id":"ENSG00000167359","start":5440570},{"source":"ensembl_havana","logic_name":"ensembl_havana_gene","version":"4","feature_type":"gene","external_name":"OR51I2","description":"olfactory receptor, family 51, subfamily I, member 2 [Source:HGNC Symbol;Acc:HGNC:15201]","assembly_name":"GRCh38","biotype":"protein_coding","end":5454427,"seq_region_name":"11","strand":1,"id":"ENSG00000187918","start":5453489},{"source":"havana","logic_name":"havana","version":"2","feature_type":"gene","external_name":"OR51A10P","description":"olfactory receptor, family 51, subfamily A, member 10 pseudogene [Source:HGNC Symbol;Acc:HGNC:15185]","assembly_name":"GRCh38","biotype":"unitary_pseudogene","end":5469422,"seq_region_name":"11","strand":-1,"id":"ENSG00000230484","start":5468486},{"source":"ensembl_havana","logic_name":"ensembl_havana_gene","version":"5","feature_type":"gene","external_name":"OR52D1","description":"olfactory receptor, family 52, subfamily D, member 1 [Source:HGNC Symbol;Acc:HGNC:15212]","assembly_name":"GRCh38","biotype":"protein_coding","end":5489749,"seq_region_name":"11","strand":1,"id":"ENSG00000181609","start":5488685},{"source":"ensembl_havana","logic_name":"ensembl_havana_gene","version":"8","feature_type":"gene","external_name":"UBQLN3","description":"ubiquilin 3 [Source:HGNC Symbol;Acc:HGNC:12510]","assembly_name":"GRCh38","biotype":"protein_coding","end":5509985,"seq_region_name":"11","strand":-1,"id":"ENSG00000175520","start":5507300},{"source":"ensembl_havana","logic_name":"ensembl_havana_gene","version":"6","feature_type":"gene","external_name":"UBQLNL","description":"ubiquilin-like [Source:HGNC Symbol;Acc:HGNC:28294]","assembly_name":"GRCh38","biotype":"protein_coding","end":5516705,"seq_region_name":"11","strand":-1,"id":"ENSG00000175518","start":5514393},{"source":"havana","logic_name":"havana","version":"2","feature_type":"gene","external_name":"AC087380.14","description":null,"assembly_name":"GRCh38","biotype":"unprocessed_pseudogene","end":5524955,"seq_region_name":"11","strand":-1,"id":"ENSG00000224295","start":5518441},{"source":"havana","logic_name":"havana","version":"1","feature_type":"gene","external_name":"OR52V1P","description":"olfactory receptor, family 52, subfamily V, member 1 pseudogene [Source:HGNC Symbol;Acc:HGNC:15238]","assembly_name":"GRCh38","biotype":"unprocessed_pseudogene","end":5528174,"seq_region_name":"11","strand":-1,"id":"ENSG00000249633","start":5527277},{"source":"ensembl_havana","logic_name":"ensembl_havana_gene","version":"8","feature_type":"gene","external_name":"OR52H1","description":"olfactory receptor, family 52, subfamily H, member 1 [Source:HGNC Symbol;Acc:HGNC:15218]","assembly_name":"GRCh38","biotype":"protein_coding","end":5545523,"seq_region_name":"11","strand":-1,"id":"ENSG00000181616","start":5544561},{"source":"havana","logic_name":"havana","version":"1","feature_type":"gene","external_name":"OR52H2P","description":"olfactory receptor, family 52, subfamily H, member 2 pseudogene [Source:HGNC Symbol;Acc:HGNC:15219]","assembly_name":"GRCh38","biotype":"unitary_pseudogene","end":5552563,"seq_region_name":"11","strand":-1,"id":"ENSG00000248553","start":5551662},{"source":"havana","logic_name":"havana","version":"1","feature_type":"gene","external_name":"OR52B5P","description":"olfactory receptor, family 52, subfamily B, member 5 pseudogene [Source:HGNC Symbol;Acc:HGNC:15210]","assembly_name":"GRCh38","biotype":"unprocessed_pseudogene","end":5561917,"seq_region_name":"11","strand":1,"id":"ENSG00000231049","start":5560967},{"source":"havana","logic_name":"havana","version":"1","feature_type":"gene","external_name":"OR52T1P","description":"olfactory receptor, family 52, subfamily T, member 1 pseudogene [Source:HGNC Symbol;Acc:HGNC:15236]","assembly_name":"GRCh38","biotype":"unprocessed_pseudogene","end":5567616,"seq_region_name":"11","strand":-1,"id":"ENSG00000233646","start":5566678},{"source":"havana","logic_name":"havana","version":"1","feature_type":"gene","external_name":"HNRNPA1P53","description":"heterogeneous nuclear ribonucleoprotein A1 pseudogene 53 [Source:HGNC Symbol;Acc:HGNC:48783]","assembly_name":"GRCh38","biotype":"processed_pseudogene","end":5572192,"seq_region_name":"11","strand":-1,"id":"ENSG00000229534","start":5571247},{"source":"havana","logic_name":"havana","version":"1","feature_type":"gene","external_name":"AC015691.13","description":null,"assembly_name":"GRCh38","biotype":"antisense","end":5624896,"seq_region_name":"11","strand":-1,"id":"ENSG00000239920","start":5572322},{"source":"ensembl_havana","logic_name":"ensembl_havana_gene","version":"2","feature_type":"gene","external_name":"OR52B6","description":"olfactory receptor, family 52, subfamily B, member 6 [Source:HGNC Symbol;Acc:HGNC:15211]","assembly_name":"GRCh38","biotype":"protein_coding","end":5581884,"seq_region_name":"11","strand":1,"id":"ENSG00000187747","start":5580877},{"source":"ensembl_havana","logic_name":"ensembl_havana_gene","version":"17","feature_type":"gene","external_name":"TRIM6","description":"tripartite motif containing 6 [Source:HGNC Symbol;Acc:HGNC:16277]","assembly_name":"GRCh38","biotype":"protein_coding","end":5612958,"seq_region_name":"11","strand":1,"id":"ENSG00000121236","start":5596109},{"source":"ensembl_havana","logic_name":"ensembl_havana_gene","version":"3","feature_type":"gene","external_name":"TRIM6-TRIM34","description":"TRIM6-TRIM34 readthrough [Source:HGNC Symbol;Acc:HGNC:33440]","assembly_name":"GRCh38","biotype":"protein_coding","end":5644398,"seq_region_name":"11","strand":1,"id":"ENSG00000258588","start":5596725},{"source":"ensembl_havana","logic_name":"ensembl_havana_gene","version":"4","feature_type":"gene","external_name":"TRIM34","description":"tripartite motif containing 34 [Source:HGNC Symbol;Acc:HGNC:10063]","assembly_name":"GRCh38","biotype":"protein_coding","end":5644398,"seq_region_name":"11","strand":1,"id":"ENSG00000258659","start":5619764},{"source":"ensembl_havana","logic_name":"ensembl_havana_gene","version":"16","feature_type":"gene","external_name":"TRIM5","description":"tripartite motif containing 5 [Source:HGNC Symbol;Acc:HGNC:16276]","assembly_name":"GRCh38","biotype":"protein_coding","end":5938619,"seq_region_name":"11","strand":-1,"id":"ENSG00000132256","start":5663557},{"source":"ensembl_havana","logic_name":"ensembl_havana_gene","version":"13","feature_type":"gene","external_name":"TRIM22","description":"tripartite motif containing 22 [Source:HGNC Symbol;Acc:HGNC:16379]","assembly_name":"GRCh38","biotype":"protein_coding","end":5737089,"seq_region_name":"11","strand":1,"id":"ENSG00000132274","start":5689689},{"source":"havana","logic_name":"havana","version":"1","feature_type":"gene","external_name":"OR52U1P","description":"olfactory receptor, family 52, subfamily U, member 1 pseudogene [Source:HGNC Symbol;Acc:HGNC:15237]","assembly_name":"GRCh38","biotype":"unitary_pseudogene","end":5720212,"seq_region_name":"11","strand":1,"id":"ENSG00000232381","start":5719290},{"source":"havana","logic_name":"havana","version":"3","feature_type":"gene","external_name":"OR52P1P","description":"olfactory receptor, family 52, subfamily P, member 1 pseudogene [Source:HGNC Symbol;Acc:HGNC:15232]","assembly_name":"GRCh38","biotype":"unitary_pseudogene","end":5727464,"seq_region_name":"11","strand":1,"id":"ENSG00000181109","start":5726502}]